,Brand,Laptop_Type,CPU_Brand,CPU_Cores,GPU_Type,GPU_VRAM,Refresh_Rate,RAM,Storage,Storage_Type,Weight,OS,Price,Laptop_Age,CPU_Series,CPU_Segment,CPU_Generation,GPU_Tier,Pixel_Per_Inch
0,Apple,Ultrabook,Apple,10,Integrated,0,60,16,512,SSD,1.23,macOS,119900,0,mid,mid,latest,low,234.87
1,Apple,Ultrabook,Apple,10,Integrated,0,60,16,512,SSD,1.23,macOS,129900,0,mid,mid,latest,low,234.87
2,Apple,Ultrabook,Apple,10,Integrated,0,60,16,1024,SSD,1.23,macOS,139900,0,mid,mid,latest,low,234.87
3,Apple,Ultrabook,Apple,10,Integrated,0,60,16,2048,SSD,1.23,macOS,179900,0,mid,mid,latest,low,234.87
4,Apple,Ultrabook,Apple,10,Integrated,0,60,24,512,SSD,1.23,macOS,139900,0,mid,mid,latest,low,234.87
5,Apple,Ultrabook,Apple,10,Integrated,0,60,24,1024,SSD,1.23,macOS,159900,0,mid,mid,latest,low,234.87
6,Apple,Ultrabook,Apple,10,Integrated,0,60,24,2048,SSD,1.23,macOS,199900,0,mid,mid,latest,low,234.87
7,Apple,Ultrabook,Apple,10,Integrated,0,60,24,4096,SSD,1.23,macOS,259900,0,mid,mid,latest,low,234.87
8,Apple,Ultrabook,Apple,10,Integrated,0,60,32,1024,SSD,1.23,macOS,179900,0,mid,mid,latest,low,234.87
9,Apple,Ultrabook,Apple,10,Integrated,0,60,32,2048,SSD,1.23,macOS,219900,0,mid,mid,latest,low,234.87
10,Apple,Ultrabook,Apple,10,Integrated,0,60,32,4096,SSD,1.23,macOS,279900,0,mid,mid,latest,low,234.87
11,Apple,Ultrabook,Apple,10,Integrated,0,60,16,1024,SSD,1.51,macOS,164900,0,mid,mid,latest,low,228.71
12,Apple,Ultrabook,Apple,10,Integrated,0,60,16,2048,SSD,1.51,macOS,204900,0,mid,mid,latest,low,228.71
13,Apple,Ultrabook,Apple,10,Integrated,0,60,24,512,SSD,1.51,macOS,164900,0,mid,mid,latest,low,228.71
14,Apple,Ultrabook,Apple,10,Integrated,0,60,24,1024,SSD,1.51,macOS,184900,0,mid,mid,latest,low,228.71
15,Apple,Ultrabook,Apple,10,Integrated,0,60,24,2048,SSD,1.51,macOS,224900,0,mid,mid,latest,low,228.71
16,Apple,Ultrabook,Apple,10,Integrated,0,60,24,4096,SSD,1.51,macOS,284900,0,mid,mid,latest,low,228.71
17,Apple,Ultrabook,Apple,10,Integrated,0,60,32,1024,SSD,1.51,macOS,204900,0,mid,mid,latest,low,228.71
18,Apple,Ultrabook,Apple,10,Integrated,0,60,32,2048,SSD,1.51,macOS,244900,0,mid,mid,latest,low,228.71
19,Apple,Ultrabook,Apple,10,Integrated,0,60,32,4096,SSD,1.51,macOS,304900,0,mid,mid,latest,low,228.71
20,Apple,Creator,Apple,10,Integrated,0,120,16,1024,SSD,1.55,macOS,189900,1,mid,mid,latest,low,257.56
21,Apple,Creator,Apple,10,Integrated,0,120,16,2048,SSD,1.55,macOS,229900,1,mid,mid,latest,low,257.56
22,Apple,Creator,Apple,10,Integrated,0,120,24,1024,SSD,1.55,macOS,209900,1,mid,mid,latest,low,257.56
23,Apple,Creator,Apple,10,Integrated,0,120,24,2048,SSD,1.55,macOS,249900,1,mid,mid,latest,low,257.56
24,Apple,Creator,Apple,10,Integrated,0,120,24,4096,SSD,1.55,macOS,309900,1,mid,mid,latest,low,257.56
25,Apple,Creator,Apple,10,Integrated,0,120,32,1024,SSD,1.55,macOS,229900,1,mid,mid,latest,low,257.56
26,Apple,Creator,Apple,10,Integrated,0,120,32,2048,SSD,1.55,macOS,269900,1,mid,mid,latest,low,257.56
27,Apple,Creator,Apple,10,Integrated,0,120,32,4096,SSD,1.55,macOS,329900,1,mid,mid,latest,low,257.56
28,Apple,Workstation,Apple,15,Integrated,0,120,24,1024,SSD,1.6,macOS,249900,0,high,high,latest,high,257.56
29,Apple,Workstation,Apple,15,Integrated,0,120,24,2048,SSD,1.6,macOS,289900,0,high,high,latest,high,257.56
30,Apple,Workstation,Apple,15,Integrated,0,120,24,4096,SSD,1.6,macOS,349900,0,high,high,latest,high,257.56
31,Apple,Workstation,Apple,15,Integrated,0,120,48,2048,SSD,1.6,macOS,329900,0,high,high,latest,high,257.56
32,Apple,Workstation,Apple,15,Integrated,0,120,48,4096,SSD,1.6,macOS,389900,0,high,high,latest,high,257.56
33,Apple,Workstation,Apple,18,Integrated,0,120,24,1024,SSD,1.6,macOS,269900,0,high,high,latest,high,257.56
34,Apple,Workstation,Apple,18,Integrated,0,120,24,2048,SSD,1.6,macOS,309900,0,high,high,latest,high,257.56
35,Apple,Workstation,Apple,18,Integrated,0,120,24,4096,SSD,1.6,macOS,369900,0,high,high,latest,high,257.56
36,Apple,Workstation,Apple,18,Integrated,0,120,48,2048,SSD,1.6,macOS,349900,0,high,high,latest,high,257.56
37,Apple,Workstation,Apple,18,Integrated,0,120,48,4096,SSD,1.6,macOS,409900,0,high,high,latest,high,257.56
38,Apple,Workstation,Apple,18,Integrated,0,120,64,2048,SSD,1.6,macOS,369900,0,high,high,latest,high,257.56
39,Apple,Workstation,Apple,18,Integrated,0,120,64,4096,SSD,1.6,macOS,429900,0,high,high,latest,high,257.56
40,Apple,Workstation,Apple,18,Integrated,0,120,36,2048,SSD,1.6,macOS,399900,0,high,high,latest,high,257.56
41,Apple,Workstation,Apple,18,Integrated,0,120,36,4096,SSD,1.6,macOS,459900,0,high,high,latest,high,257.56
42,Apple,Workstation,Apple,18,Integrated,0,120,48,2048,SSD,1.6,macOS,449900,0,high,high,latest,high,257.56
43,Apple,Workstation,Apple,18,Integrated,0,120,48,4096,SSD,1.6,macOS,509900,0,high,high,latest,high,257.56
44,Apple,Workstation,Apple,18,Integrated,0,120,48,8192,SSD,1.6,macOS,629900,0,high,high,latest,high,257.56
45,Apple,Workstation,Apple,18,Integrated,0,120,64,2048,SSD,1.6,macOS,469900,0,high,high,latest,high,257.56
46,Apple,Workstation,Apple,18,Integrated,0,120,64,4096,SSD,1.6,macOS,529900,0,high,high,latest,high,257.56
47,Apple,Workstation,Apple,18,Integrated,0,120,64,8192,SSD,1.6,macOS,649900,0,high,high,latest,high,257.56
48,Apple,Workstation,Apple,18,Integrated,0,120,128,4096,SSD,1.6,macOS,609900,0,high,high,latest,high,257.56
49,Apple,Workstation,Apple,18,Integrated,0,120,128,8192,SSD,1.6,macOS,729900,0,high,high,latest,high,257.56
50,Apple,Workstation,Apple,18,Integrated,0,120,24,1024,SSD,2.1,macOS,299900,0,high,high,latest,high,257.2
51,Apple,Workstation,Apple,18,Integrated,0,120,24,2048,SSD,2.1,macOS,339900,0,high,high,latest,high,257.2
52,Apple,Workstation,Apple,18,Integrated,0,120,24,4096,SSD,2.1,macOS,399900,0,high,high,latest,high,257.2
53,Apple,Workstation,Apple,18,Integrated,0,120,48,2048,SSD,2.1,macOS,379900,0,high,high,latest,high,257.2
54,Apple,Workstation,Apple,18,Integrated,0,120,48,4096,SSD,2.1,macOS,439900,0,high,high,latest,high,257.2
55,Apple,Workstation,Apple,18,Integrated,0,120,64,2048,SSD,2.1,macOS,399900,0,high,high,latest,high,257.2
56,Apple,Workstation,Apple,18,Integrated,0,120,64,4096,SSD,2.1,macOS,459900,0,high,high,latest,high,257.2
57,Apple,Workstation,Apple,18,Integrated,0,120,36,2048,SSD,2.1,macOS,429900,0,high,high,latest,high,257.2
58,Apple,Workstation,Apple,18,Integrated,0,120,36,4096,SSD,2.1,macOS,489900,0,high,high,latest,high,257.2
59,Apple,Workstation,Apple,18,Integrated,0,120,48,2048,SSD,2.1,macOS,499900,0,high,high,latest,high,257.2
60,Apple,Workstation,Apple,18,Integrated,0,120,48,4096,SSD,2.1,macOS,559900,0,high,high,latest,high,257.2
61,Apple,Workstation,Apple,18,Integrated,0,120,48,8192,SSD,2.1,macOS,679900,0,high,high,latest,high,257.2
62,Apple,Workstation,Apple,18,Integrated,0,120,64,2048,SSD,2.1,macOS,519900,0,high,high,latest,high,257.2
63,Apple,Workstation,Apple,18,Integrated,0,120,64,4096,SSD,2.1,macOS,579900,0,high,high,latest,high,257.2
64,Apple,Workstation,Apple,18,Integrated,0,120,64,8192,SSD,2.1,macOS,699900,0,high,high,latest,high,257.2
65,Apple,Workstation,Apple,18,Integrated,0,120,128,4096,SSD,2.1,macOS,659900,0,high,high,latest,high,257.2
66,Apple,Workstation,Apple,18,Integrated,0,120,128,8192,SSD,2.1,macOS,779900,0,high,high,latest,high,257.2
67,Apple,Ultrabook,Apple,10,Integrated,0,60,16,256,SSD,1.23,macOS,97900,1,mid,mid,modern,low,234.87
68,Apple,Ultrabook,Apple,10,Integrated,0,60,16,512,SSD,1.23,macOS,107900,1,mid,mid,modern,low,234.87
69,Apple,Ultrabook,Apple,10,Integrated,0,60,24,512,SSD,1.23,macOS,127900,1,mid,mid,modern,low,234.87
70,Apple,Ultrabook,Apple,10,Integrated,0,60,16,256,SSD,1.51,macOS,122900,1,mid,mid,modern,low,228.71
71,Apple,Ultrabook,Apple,10,Integrated,0,60,16,512,SSD,1.51,macOS,131900,1,mid,mid,modern,low,228.71
72,Apple,Ultrabook,Apple,10,Integrated,0,60,24,512,SSD,1.51,macOS,151900,1,mid,mid,modern,low,228.71
73,Apple,Creator,Apple,10,Integrated,0,120,16,512,SSD,1.55,macOS,159900,2,mid,mid,modern,low,257.56
74,Apple,Creator,Apple,10,Integrated,0,120,16,1024,SSD,1.55,macOS,179900,2,mid,mid,modern,low,257.56
75,Apple,Creator,Apple,10,Integrated,0,120,24,1024,SSD,1.55,macOS,199900,2,mid,mid,modern,low,257.56
76,Apple,Workstation,Apple,12,Integrated,0,120,24,512,SSD,1.6,macOS,199900,2,high,high,modern,high,257.56
77,Apple,Workstation,Apple,14,Integrated,0,120,24,1024,SSD,1.6,macOS,239900,2,high,high,modern,high,257.56
78,Apple,Workstation,Apple,14,Integrated,0,120,36,1024,SSD,1.6,macOS,319900,2,high,high,modern,high,257.56
79,Apple,Workstation,Apple,14,Integrated,0,120,24,512,SSD,2.1,macOS,249900,2,high,high,modern,high,257.2
80,Apple,Workstation,Apple,14,Integrated,0,120,36,1024,SSD,2.1,macOS,349900,2,high,high,modern,high,257.2
81,Apple,Workstation,Apple,16,Integrated,0,120,48,1024,SSD,2.1,macOS,399900,2,high,high,modern,high,257.2
82,Apple,Ultrabook,Apple,8,Integrated,0,60,8,256,SSD,1.23,macOS,89900,3,mid,mid,modern,low,234.87
83,Apple,Ultrabook,Apple,8,Integrated,0,60,8,512,SSD,1.23,macOS,124900,3,mid,mid,modern,low,234.87
84,Apple,Ultrabook,Apple,8,Integrated,0,60,16,512,SSD,1.23,macOS,99900,3,mid,mid,modern,low,234.87
85,Apple,Ultrabook,Apple,8,Integrated,0,60,8,512,SSD,1.51,macOS,94000,3,mid,mid,modern,low,228.71
86,Apple,Ultrabook,Apple,8,Integrated,0,60,16,512,SSD,1.51,macOS,121400,3,mid,mid,modern,low,228.71
87,Apple,Creator,Apple,8,Integrated,0,120,8,512,SSD,1.55,macOS,112800,3,mid,mid,modern,low,257.56
88,Apple,Creator,Apple,8,Integrated,0,120,16,1024,SSD,1.55,macOS,179900,3,mid,mid,modern,low,257.56
89,Apple,Workstation,Apple,11,Integrated,0,120,18,512,SSD,1.6,macOS,170900,3,high,high,modern,high,257.56
90,Apple,Workstation,Apple,12,Integrated,0,120,18,1024,SSD,1.6,macOS,229900,3,high,high,modern,high,257.56
91,Apple,Workstation,Apple,14,Integrated,0,120,36,1024,SSD,1.6,macOS,233300,3,high,high,modern,high,257.56
92,Apple,Workstation,Apple,12,Integrated,0,120,18,512,SSD,2.1,macOS,191900,3,high,high,modern,high,257.2
93,Apple,Workstation,Apple,12,Integrated,0,120,36,512,SSD,2.1,macOS,209900,3,high,high,modern,high,257.2
94,Apple,Workstation,Apple,14,Integrated,0,120,36,1024,SSD,2.1,macOS,339900,3,high,high,modern,high,257.2
95,Apple,Workstation,Apple,16,Integrated,0,120,48,1024,SSD,2.1,macOS,389900,3,high,high,modern,high,257.2
96,Asus,Gaming,Intel,24,Dedicated,24,240,64,2048,SSD,3.3,Windows,479990,1,high,high,latest,high,167.72
97,Asus,Gaming,Intel,24,Dedicated,24,240,32,2048,SSD,2.8,Windows,449990,1,high,high,latest,high,188.68
98,Asus,Gaming,Intel,24,Dedicated,16,240,32,2048,SSD,2.8,Windows,399990,1,high,high,latest,high,188.68
99,Asus,Gaming,AMD,16,Dedicated,12,165,16,1024,SSD,2.5,Windows,239990,1,high,high,modern,high,141.51
100,Asus,Gaming,AMD,16,Dedicated,8,240,16,1024,SSD,2.5,Windows,184990,1,high,high,modern,mid,188.68
101,Asus,Gaming,Intel,24,Dedicated,16,165,32,1024,SSD,2.65,Windows,319990,1,high,high,latest,high,141.51
102,Asus,Gaming,Intel,24,Dedicated,12,240,32,1024,SSD,2.65,Windows,275990,1,high,high,latest,high,188.68
103,Asus,Gaming,Intel,24,Dedicated,8,240,16,1024,SSD,2.65,Windows,249990,1,high,high,latest,high,188.68
104,Asus,Gaming,Intel,24,Dedicated,8,240,16,1024,SSD,2.65,Windows,204990,1,high,high,latest,mid,188.68
105,Asus,Gaming,Intel,16,Dedicated,8,165,16,1024,SSD,2.65,Windows,169990,1,high,high,modern,mid,141.51
106,Asus,Gaming,Intel,16,Dedicated,16,240,32,2048,SSD,1.95,Windows,359990,1,high,high,latest,high,188.68
107,Asus,Gaming,AMD,12,Dedicated,12,120,32,2048,SSD,1.57,Windows,279990,1,high,high,latest,high,242.59
108,Asus,Gaming,AMD,8,Dedicated,8,120,16,1024,SSD,1.5,Windows,199990,1,high,mid,modern,mid,242.59
109,Asus,Gaming,AMD,16,Integrated,0,180,64,1024,SSD,1.2,Windows,279990,1,high,high,latest,low,232.22
110,Asus,Gaming,AMD,16,Integrated,0,180,32,1024,SSD,1.2,Windows,239990,1,high,high,latest,low,232.22
111,Asus,Gaming,AMD,12,Integrated,0,180,32,1024,SSD,1.2,Windows,199990,1,high,high,latest,low,232.22
112,Asus,Gaming,AMD,12,Integrated,0,165,32,1024,SSD,1.48,Windows,179990,1,high,high,latest,low,215.63
113,Asus,Gaming,Intel,16,Dedicated,8,165,16,1024,SSD,2.2,Windows,144990,1,high,high,modern,high,141.51
114,Asus,Gaming,Intel,16,Dedicated,8,165,16,1024,SSD,2.2,Windows,154990,1,high,high,modern,mid,141.51
115,Asus,Gaming,Intel,16,Dedicated,8,165,16,1024,SSD,2.2,Windows,199990,1,high,high,modern,mid,141.51
116,Asus,Gaming,AMD,16,Dedicated,8,165,16,1024,SSD,2.2,Windows,189990,1,high,high,modern,high,188.68
117,Asus,Gaming,Intel,10,Dedicated,8,144,16,512,SSD,1.95,Windows,119990,1,mid,high,modern,mid,141.51
118,Asus,Gaming,Intel,10,Dedicated,8,144,16,512,SSD,1.95,Windows,108990,1,mid,high,modern,mid,141.51
119,Asus,Gaming,Intel,10,Dedicated,6,144,16,512,SSD,1.95,Windows,99990,1,mid,high,modern,mid,141.51
120,Asus,Gaming,Intel,10,Dedicated,8,144,16,512,SSD,1.95,Windows,100990,1,mid,high,modern,mid,141.51
121,Asus,Gaming,Intel,10,Dedicated,6,144,16,512,SSD,1.95,Windows,90990,1,mid,high,modern,mid,141.51
122,Asus,Creator,AMD,12,Dedicated,24,120,64,2048,SSD,1.95,Windows,449990,1,high,high,latest,high,283.02
123,Asus,Creator,AMD,12,Dedicated,16,120,64,2048,SSD,1.95,Windows,399990,1,high,high,latest,high,283.02
124,Asus,Creator,AMD,10,Dedicated,6,60,24,1024,SSD,1.38,Windows,159990,2,high,mid,latest,mid,261.25
125,Asus,Creator,AMD,12,Dedicated,6,60,24,1024,SSD,1.38,Windows,164990,2,high,high,latest,mid,261.25
126,Asus,Creator,Qualcomm,8,Integrated,0,60,16,1024,SSD,0.85,Windows,119990,2,mid,mid,latest,low,261.25
127,Asus,2-in-1 Convertible,Intel,16,Integrated,0,60,32,1024,SSD,1.65,Windows,199990,1,high,high,latest,mid,161.73
128,Asus,2-in-1 Convertible,Intel,16,Integrated,0,60,32,1024,SSD,1.65,Windows,149990,2,high,high,latest,mid,161.73
129,Asus,2-in-1 Convertible,Intel,16,Integrated,0,60,32,1024,SSD,1.65,Windows,139990,2,high,high,latest,mid,161.73
130,Asus,Ultrabook,AMD,10,Integrated,0,120,32,1024,SSD,1.5,Windows,169990,1,high,mid,latest,mid,212.26
131,Asus,Ultrabook,AMD,8,Integrated,0,120,24,1024,SSD,1.5,Windows,134990,1,high,mid,latest,mid,212.26
132,Asus,Ultrabook,Intel,8,Integrated,0,120,32,1024,SSD,1.2,Windows,148990,2,high,mid,latest,mid,242.59
133,Asus,Ultrabook,Intel,8,Integrated,0,120,16,512,SSD,1.2,Windows,134990,2,high,mid,latest,mid,242.59
134,Asus,Ultrabook,Intel,8,Integrated,0,120,16,1024,SSD,1.2,Windows,130990,2,mid,mid,latest,mid,242.59
135,Asus,Ultrabook,Qualcomm,12,Integrated,0,60,16,512,SSD,0.98,Windows,89990,2,high,high,latest,low,161.73
136,Asus,Ultrabook,Qualcomm,8,Integrated,0,60,16,512,SSD,0.98,Windows,86990,2,low,mid,latest,low,161.73
137,Asus,Ultrabook,Intel,14,Integrated,0,120,16,1024,SSD,1.28,Windows,104990,2,mid,high,latest,mid,242.59
138,Asus,Ultrabook,Intel,14,Integrated,0,120,16,1024,SSD,1.28,Windows,94990,2,mid,high,latest,mid,242.59
139,Asus,Ultrabook,Intel,14,Integrated,0,120,16,1024,SSD,1.2,Windows,89990,1,mid,high,latest,mid,242.59
140,Asus,Ultrabook,AMD,4,Integrated,0,60,16,1024,SSD,1.28,Windows,115990,1,mid,mid,latest,mid,161.73
141,Asus,Ultrabook,AMD,6,Integrated,0,120,16,512,SSD,1.2,Windows,85990,1,mid,mid,latest,mid,242.59
142,Asus,Notebook,Intel,2,Integrated,0,60,8,128,eMMC,1.47,ChromeOS,26490,3,low,low,modern,low,157.35
143,Asus,Notebook,Intel,2,Integrated,0,60,4,128,eMMC,1.47,ChromeOS,23990,3,low,low,modern,low,157.35
144,Asus,Notebook,Intel,2,Integrated,0,60,4,64,eMMC,1.47,ChromeOS,22990,3,low,low,modern,low,157.35
145,Asus,Notebook,Intel,2,Integrated,0,60,8,64,eMMC,1.8,ChromeOS,27490,3,low,low,modern,low,157.35
146,Asus,Notebook,Intel,2,Integrated,0,60,8,128,eMMC,1.8,ChromeOS,26990,3,low,low,modern,low,157.35
147,Asus,Notebook,Intel,2,Integrated,0,60,4,128,eMMC,1.8,ChromeOS,23490,3,low,low,modern,low,157.35
148,Asus,Notebook,Intel,2,Integrated,0,60,4,64,eMMC,1.8,ChromeOS,22990,3,low,low,modern,low,157.35
149,Asus,2-in-1 Convertible,Intel,8,Integrated,0,60,8,512,SSD,1.5,Windows,63990,3,mid,high,modern,low,161.73
150,Asus,Notebook,Intel,14,Integrated,0,120,16,512,SSD,1.6,Windows,79990,3,high,high,modern,low,226.42
151,Asus,Notebook,Intel,12,Integrated,0,120,16,512,SSD,1.6,Windows,76990,3,mid,high,modern,low,226.42
152,Asus,Notebook,Intel,8,Integrated,0,60,16,512,SSD,1.3,Windows,94990,2,high,mid,latest,mid,161.73
153,Asus,Notebook,Intel,8,Integrated,0,60,16,512,SSD,1.3,Windows,79990,2,mid,mid,latest,mid,161.73
154,Asus,Notebook,AMD,12,Integrated,0,120,24,512,SSD,1.3,Windows,104990,2,high,high,latest,mid,242.59
155,Asus,Notebook,Qualcomm,12,Integrated,0,120,16,1024,SSD,1.42,Windows,81990,2,high,high,latest,low,220.29
156,Asus,Notebook,Qualcomm,8,Integrated,0,120,16,1024,SSD,1.42,Windows,71990,2,mid,mid,latest,low,220.29
157,Asus,Notebook,Qualcomm,8,Integrated,0,60,16,512,SSD,1.35,Windows,65990,2,low,mid,latest,low,209.01
158,Asus,Notebook,Qualcomm,8,Integrated,0,60,16,512,SSD,1.74,Windows,72990,2,low,mid,latest,low,141.51
159,Asus,Notebook,AMD,8,Integrated,0,60,16,512,SSD,1.4,Windows,78990,1,high,mid,latest,mid,161.73
160,Asus,Notebook,AMD,4,Integrated,0,60,16,512,SSD,1.4,Windows,67990,1,mid,mid,latest,mid,161.73
161,Asus,Notebook,AMD,4,Integrated,0,60,16,512,SSD,1.7,Windows,76990,1,mid,mid,latest,mid,141.51
162,Asus,Notebook,AMD,4,Integrated,0,60,16,512,SSD,1.7,Windows,70990,1,mid,mid,latest,mid,141.51
163,Asus,Notebook,Intel,16,Integrated,0,60,16,512,SSD,1.4,Windows,82990,1,high,high,latest,mid,161.73
164,Asus,Notebook,Intel,14,Integrated,0,60,16,512,SSD,1.4,Windows,72990,1,mid,high,latest,mid,161.73
165,Asus,Notebook,Intel,10,Integrated,0,60,16,512,SSD,1.4,Windows,66990,3,high,high,modern,low,161.73
166,Asus,Notebook,Intel,8,Integrated,0,60,16,512,SSD,1.4,Windows,56990,3,mid,high,modern,low,161.73
167,Asus,Notebook,Intel,16,Integrated,0,60,16,512,SSD,1.7,Windows,92990,1,high,high,latest,mid,141.51
168,Asus,Notebook,Intel,14,Integrated,0,60,16,512,SSD,1.7,Windows,81990,1,mid,high,latest,mid,141.51
169,Asus,Notebook,Intel,10,Integrated,0,60,16,512,SSD,1.7,Windows,68990,3,high,high,modern,low,141.51
170,Asus,Notebook,Intel,8,Integrated,0,60,16,512,SSD,1.7,Windows,60990,3,mid,high,modern,low,141.51
171,Asus,Notebook,Qualcomm,8,Integrated,0,60,16,512,SSD,1.49,Windows,58990,2,low,mid,latest,low,141.51
172,Asus,Notebook,Intel,14,Integrated,0,60,16,512,SSD,1.88,Windows,68990,1,mid,high,latest,mid,141.51
173,Asus,Notebook,AMD,6,Integrated,0,60,16,512,SSD,1.88,Windows,87990,1,high,mid,latest,mid,141.51
174,Asus,Notebook,AMD,8,Integrated,0,60,16,512,SSD,1.88,Windows,69990,1,high,mid,latest,mid,141.51
175,Asus,Notebook,AMD,8,Integrated,0,60,16,512,SSD,1.88,Windows,62990,1,mid,mid,latest,mid,141.51
176,Asus,Notebook,AMD,8,Integrated,0,60,16,512,SSD,1.46,Windows,69990,1,high,mid,latest,mid,161.73
177,Asus,Notebook,AMD,8,Integrated,0,60,16,512,SSD,1.46,Windows,61990,1,mid,mid,latest,mid,161.73
178,Asus,Notebook,Intel,14,Integrated,0,60,16,512,SSD,1.46,Windows,65990,1,mid,high,latest,mid,161.73
179,Asus,Notebook,Intel,14,Integrated,0,60,16,1024,SSD,1.46,Windows,68990,1,mid,high,latest,mid,161.73
180,Asus,Notebook,Intel,8,Dedicated,4,60,8,512,SSD,1.8,Windows,65990,3,mid,high,modern,mid,141.51
181,Asus,Notebook,Intel,8,Dedicated,4,60,8,512,SSD,1.8,Windows,64990,3,mid,high,modern,mid,141.51
182,Asus,Notebook,Intel,12,Dedicated,4,60,8,512,SSD,1.8,Windows,56990,3,mid,high,modern,low,141.51
183,Asus,Notebook,Intel,12,Integrated,0,60,8,1024,SSD,1.6,Windows,68990,3,mid,mid,modern,low,146.86
184,Asus,Notebook,Intel,10,Integrated,0,120,8,512,SSD,1.6,Windows,65990,3,mid,low,modern,low,220.29
185,Asus,Notebook,Intel,10,Integrated,0,60,8,512,SSD,1.6,Windows,54990,3,mid,low,modern,low,146.86
186,Asus,Notebook,Intel,8,Integrated,0,60,8,512,SSD,1.7,Windows,63990,3,high,high,modern,low,146.86
187,Asus,Notebook,Intel,8,Integrated,0,60,8,512,SSD,1.7,Windows,60990,3,mid,high,modern,low,146.86
188,Asus,Notebook,Intel,10,Integrated,0,60,8,512,SSD,1.7,Windows,56990,3,mid,high,modern,low,146.86
189,Asus,Notebook,Intel,12,Integrated,0,60,8,512,SSD,1.88,Windows,57990,3,mid,high,modern,low,141.51
190,Asus,Notebook,Intel,8,Integrated,0,60,8,512,SSD,1.88,Windows,58990,3,mid,high,modern,low,141.51
191,Asus,Notebook,Intel,8,Integrated,0,60,8,512,SSD,1.88,Windows,61990,3,mid,high,modern,low,141.51
192,Asus,Notebook,Intel,10,Integrated,0,60,8,512,SSD,1.88,Windows,64990,3,high,high,modern,low,141.51
193,Asus,Notebook,Intel,14,Integrated,0,60,8,512,SSD,1.88,Windows,64990,3,high,high,modern,low,141.51
194,Asus,Notebook,Intel,14,Integrated,0,60,8,512,SSD,1.88,Windows,66990,3,high,high,modern,low,141.51
195,Asus,Notebook,Intel,10,Integrated,0,60,8,512,SSD,1.4,Windows,55990,3,mid,low,modern,low,146.86
196,Asus,Notebook,Intel,10,Integrated,0,60,8,512,SSD,1.4,Windows,53990,3,mid,low,modern,low,146.86
197,Asus,Notebook,Intel,10,Integrated,0,60,8,512,SSD,1.4,Windows,46990,3,mid,low,modern,low,146.86
198,Asus,Notebook,Intel,10,Integrated,0,60,8,512,SSD,1.4,Windows,42990,3,mid,low,modern,low,146.86
199,Asus,Notebook,Intel,6,Integrated,0,60,8,512,SSD,1.4,Windows,40990,3,low,low,modern,low,146.86
200,Asus,Notebook,Intel,10,Integrated,0,60,16,512,SSD,1.7,Windows,55990,3,mid,low,modern,low,146.86
201,Asus,Notebook,Intel,10,Integrated,0,60,8,512,SSD,1.7,Windows,53990,3,mid,low,modern,low,146.86
202,Asus,Notebook,Intel,8,Integrated,0,60,16,512,SSD,1.7,Windows,53990,3,low,low,modern,low,146.86
203,Asus,Notebook,Intel,10,Integrated,0,60,16,512,SSD,1.7,Windows,51990,3,mid,low,modern,low,146.86
204,Asus,Notebook,Intel,8,Integrated,0,60,8,512,SSD,1.7,Windows,47990,3,low,low,modern,low,146.86
205,Asus,Notebook,Intel,10,Integrated,0,60,8,512,SSD,1.7,Windows,46990,3,mid,low,modern,low,146.86
206,Asus,Notebook,Intel,6,Integrated,0,60,8,512,SSD,1.7,Windows,46990,3,low,low,modern,low,146.86
207,Asus,Notebook,Intel,10,Integrated,0,60,8,512,SSD,1.7,Windows,43990,3,mid,low,modern,low,146.86
208,Asus,Notebook,Intel,6,Integrated,0,60,8,512,SSD,1.7,Windows,33990,3,low,low,modern,low,146.86
209,Asus,Gaming,Intel,16,Dedicated,8,240,16,1024,SSD,1.85,Windows,199990,2,high,high,latest,high,188.68
210,Asus,Gaming,Intel,16,Dedicated,8,240,16,1024,SSD,1.85,Windows,174990,2,high,high,latest,mid,188.68
211,Asus,Gaming,AMD,8,Dedicated,8,120,16,1024,SSD,1.5,Windows,149990,2,high,high,modern,mid,242.59
212,Asus,Gaming,Intel,24,Dedicated,8,240,16,1024,SSD,2.5,Windows,199990,2,high,high,modern,high,188.68
213,Asus,Gaming,Intel,24,Dedicated,12,240,32,2048,SSD,2.65,Windows,279990,2,high,high,modern,high,188.68
214,Asus,Gaming,Intel,14,Dedicated,8,165,16,1024,SSD,2.5,Windows,149990,3,high,high,modern,high,141.51
215,Asus,Gaming,Intel,14,Dedicated,6,165,16,1024,SSD,2.5,Windows,113990,3,high,high,modern,mid,141.51
216,Asus,Business,Intel,6,Integrated,0,60,16,512,SSD,1.4,Windows,45390,1,low,low,modern,low,157.35
217,Asus,Business,Intel,6,Integrated,0,60,8,512,SSD,1.69,Windows,46990,1,low,low,modern,low,146.86
218,Asus,Business,Intel,6,Integrated,0,60,8,512,SSD,1.4,Windows,49990,1,low,low,modern,low,157.35
219,Asus,Business,Intel,6,Integrated,0,60,8,512,SSD,1.49,Windows,50990,1,low,low,modern,low,157.35
220,Asus,Business,Intel,6,Integrated,0,60,16,512,SSD,1.62,Windows,53990,1,low,low,modern,low,146.86
221,Asus,Business,Intel,8,Integrated,0,60,16,512,SSD,1.42,Windows,64790,1,mid,high,modern,low,157.35
222,Asus,Business,Intel,10,Integrated,0,60,16,512,SSD,1.65,Windows,64990,1,mid,high,modern,low,146.86
223,Asus,Business,Intel,8,Integrated,0,60,16,512,SSD,1.65,Windows,66990,1,mid,high,modern,low,146.86
224,Asus,Business,Intel,8,Integrated,0,60,32,512,SSD,1.42,Windows,68990,1,mid,high,modern,low,157.35
225,Asus,Business,Intel,10,Integrated,0,60,32,512,SSD,1.65,Windows,68990,1,mid,high,modern,low,146.86
226,Asus,Business,Intel,10,Integrated,0,60,16,512,SSD,1.65,Windows,73130,1,high,high,modern,low,146.86
227,Asus,Business,Intel,10,Integrated,0,60,16,512,SSD,1.65,Windows,78990,1,mid,high,modern,low,146.86
228,Asus,Business,Intel,10,Integrated,0,60,32,512,SSD,1.44,Windows,79990,1,mid,high,modern,low,157.35
229,Asus,Business,Intel,8,Integrated,0,60,16,1024,SSD,1.27,Windows,86990,1,mid,mid,latest,mid,157.35
230,Asus,Business,Intel,10,Integrated,0,60,32,1024,SSD,1.42,Windows,89990,1,high,high,modern,low,157.35
231,Asus,Business,Intel,8,Integrated,0,60,32,1024,SSD,1.27,Windows,110990,1,high,mid,latest,mid,157.35
232,Lenovo,Gaming,AMD,8,Dedicated,8,165,16,512,SSD,1.9,Windows,159400,1,high,mid,modern,mid,201.26
233,Lenovo,Gaming,AMD,8,Dedicated,8,165,16,1024,SSD,1.9,Windows,167000,1,high,mid,modern,mid,201.26
234,Lenovo,Gaming,AMD,8,Dedicated,8,165,32,1024,SSD,1.9,Windows,181500,1,high,mid,modern,mid,201.26
235,Lenovo,Gaming,AMD,8,Dedicated,8,165,16,512,SSD,1.9,Windows,169400,1,high,mid,modern,mid,201.26
236,Lenovo,Gaming,AMD,8,Dedicated,8,165,16,1024,SSD,1.9,Windows,177000,1,high,mid,modern,mid,201.26
237,Lenovo,Gaming,AMD,8,Dedicated,8,165,32,1024,SSD,1.9,Windows,191500,1,high,mid,modern,mid,201.26
238,Lenovo,Business,AMD,4,Integrated,0,60,8,256,SSD,1.7,Windows,82250,2,low,low,modern,mid,141.51
239,Lenovo,Business,AMD,4,Integrated,0,60,32,1024,SSD,1.7,Windows,131050,2,low,low,modern,mid,141.51
240,Lenovo,Business,AMD,4,Integrated,0,60,16,512,SSD,1.7,Windows,96250,2,low,low,modern,mid,141.51
241,Lenovo,Business,AMD,6,Integrated,0,60,8,256,SSD,1.7,Windows,86340,2,mid,mid,modern,low,141.51
242,Lenovo,Business,AMD,6,Integrated,0,60,32,1024,SSD,1.7,Windows,135150,2,mid,mid,modern,low,141.51
243,Lenovo,Business,AMD,6,Integrated,0,60,16,512,SSD,1.7,Windows,100250,2,mid,mid,modern,low,141.51
244,Lenovo,Business,Intel,6,Integrated,0,60,8,256,SSD,1.36,Windows,87900,1,mid,mid,modern,low,161.73
245,Lenovo,Business,Intel,6,Integrated,0,60,32,1024,SSD,1.36,Windows,135400,1,mid,mid,modern,low,161.73
246,Lenovo,Business,Intel,6,Integrated,0,60,16,512,SSD,1.36,Windows,101500,1,mid,mid,modern,low,161.73
247,Lenovo,Business,Intel,6,Integrated,0,60,8,256,SSD,1.7,Windows,87500,1,mid,mid,modern,low,141.51
248,Lenovo,Business,Intel,6,Integrated,0,60,32,1024,SSD,1.7,Windows,134900,1,mid,mid,modern,low,141.51
249,Lenovo,Business,Intel,6,Integrated,0,60,16,512,SSD,1.7,Windows,101000,1,mid,mid,modern,low,141.51
250,Lenovo,Gaming,AMD,4,Dedicated,6,144,16,512,SSD,2.45,Windows,75990,2,mid,high,modern,mid,146.86
251,Lenovo,Gaming,AMD,4,Dedicated,4,144,16,512,SSD,2.45,Windows,76990,2,mid,high,modern,mid,146.86
252,Lenovo,2-in-1 Convertible,AMD,6,Integrated,0,60,16,512,SSD,1.37,Windows,70990,3,mid,low,modern,low,174.17
253,Lenovo,Business,AMD,6,Integrated,0,60,8,256,SSD,1.7,Windows,82600,2,mid,high,modern,mid,141.51
254,Lenovo,Business,AMD,6,Integrated,0,60,32,1024,SSD,1.7,Windows,131450,2,mid,high,modern,mid,141.51
255,Lenovo,Business,AMD,6,Integrated,0,60,16,512,SSD,1.7,Windows,96550,2,mid,high,modern,mid,141.51
256,Lenovo,Business,AMD,6,Integrated,0,60,8,256,SSD,1.7,Windows,86700,2,mid,high,modern,mid,141.51
257,Lenovo,Business,AMD,6,Integrated,0,60,32,1024,SSD,1.7,Windows,135500,2,mid,high,modern,mid,141.51
258,Lenovo,Business,AMD,6,Integrated,0,60,16,512,SSD,1.7,Windows,100700,2,mid,high,modern,mid,141.51
259,Lenovo,Notebook,AMD,6,Integrated,0,60,16,512,SSD,1.17,Windows,74400,1,mid,high,modern,mid,174.17
260,Lenovo,Notebook,AMD,6,Integrated,0,60,16,1024,SSD,1.17,Windows,82100,1,mid,high,modern,mid,174.17
261,Lenovo,Business,AMD,6,Integrated,0,60,16,256,SSD,1.44,Windows,108500,2,mid,high,modern,mid,188.68
262,Lenovo,Business,AMD,6,Integrated,0,60,32,1024,SSD,1.44,Windows,149500,2,mid,high,modern,mid,188.68
263,Lenovo,Business,AMD,6,Integrated,0,60,16,512,SSD,1.44,Windows,111600,2,mid,high,modern,mid,188.68
264,Lenovo,Business,AMD,6,Integrated,0,60,8,256,SSD,1.77,Windows,78600,2,mid,high,modern,mid,141.51
265,Lenovo,Business,AMD,6,Integrated,0,60,32,1024,SSD,1.77,Windows,125200,2,mid,high,modern,mid,141.51
266,Lenovo,Business,AMD,6,Integrated,0,60,16,512,SSD,1.77,Windows,92200,2,mid,high,modern,mid,141.51
267,Lenovo,Gaming,AMD,6,Dedicated,6,144,16,512,SSD,2.4,Windows,94600,1,mid,high,modern,mid,146.86
268,Lenovo,Gaming,AMD,6,Dedicated,6,144,16,1024,SSD,2.4,Windows,102500,1,mid,high,modern,mid,146.86
269,Lenovo,Business,AMD,6,Integrated,0,60,8,512,SSD,1.3,Windows,132350,2,mid,low,modern,low,161.73
270,Lenovo,Business,AMD,6,Integrated,0,60,32,1024,SSD,1.3,Windows,182300,2,mid,low,modern,low,161.73
271,Lenovo,Business,AMD,6,Integrated,0,60,16,512,SSD,1.3,Windows,144800,2,mid,low,modern,low,161.73
272,Lenovo,Business,AMD,8,Integrated,0,60,8,256,SSD,1.7,Windows,91400,2,high,mid,modern,mid,141.51
273,Lenovo,Business,AMD,8,Integrated,0,60,32,1024,SSD,1.7,Windows,140250,2,high,mid,modern,mid,141.51
274,Lenovo,Business,AMD,8,Integrated,0,60,16,512,SSD,1.7,Windows,105350,2,high,mid,modern,mid,141.51
275,Lenovo,Business,Intel,8,Integrated,0,60,8,256,SSD,1.36,Windows,94500,1,high,mid,modern,mid,161.73
276,Lenovo,Business,Intel,8,Integrated,0,60,32,1024,SSD,1.36,Windows,142100,1,high,mid,modern,mid,161.73
277,Lenovo,Business,Intel,8,Integrated,0,60,16,512,SSD,1.36,Windows,108100,1,high,mid,modern,mid,161.73
278,Lenovo,Business,Intel,8,Integrated,0,60,8,256,SSD,1.7,Windows,94100,1,high,mid,modern,mid,141.51
279,Lenovo,Business,Intel,8,Integrated,0,60,32,1024,SSD,1.7,Windows,141500,1,high,mid,modern,mid,141.51
280,Lenovo,Business,Intel,8,Integrated,0,60,16,512,SSD,1.7,Windows,107700,1,high,mid,modern,mid,141.51
281,Lenovo,Gaming,AMD,8,Dedicated,8,165,16,512,SSD,2.3,Windows,122600,1,high,mid,modern,mid,195.81
282,Lenovo,Gaming,AMD,8,Dedicated,8,165,32,1024,SSD,2.3,Windows,142700,1,high,mid,modern,mid,195.81
283,Lenovo,Gaming,AMD,8,Dedicated,8,165,16,512,SSD,2.3,Windows,130600,1,high,mid,modern,mid,195.81
284,Lenovo,Gaming,AMD,8,Dedicated,8,165,16,1024,SSD,2.3,Windows,138100,1,high,mid,modern,mid,195.81
285,Lenovo,Gaming,AMD,8,Dedicated,8,165,32,1024,SSD,2.3,Windows,152700,1,high,mid,modern,mid,195.81
286,Lenovo,Notebook,AMD,8,Integrated,0,60,16,512,SSD,1.6,Windows,66690,3,high,low,modern,low,146.86
287,Lenovo,Gaming,AMD,8,Dedicated,4,144,24,512,SSD,2.38,Windows,114990,2,high,high,modern,mid,146.86
288,Lenovo,Gaming,AMD,8,Dedicated,6,144,24,512,SSD,2.38,Windows,112990,2,high,high,modern,mid,146.86
289,Lenovo,2-in-1 Convertible,AMD,8,Integrated,0,60,16,1024,SSD,1.37,Windows,94990,3,high,low,modern,low,174.17
290,Lenovo,Notebook,AMD,8,Integrated,0,60,16,512,SSD,1.17,Windows,77800,1,high,high,modern,mid,174.17
291,Lenovo,Notebook,AMD,8,Integrated,0,60,16,1024,SSD,1.17,Windows,85500,1,high,high,modern,mid,174.17
292,Lenovo,Notebook,AMD,8,Integrated,0,60,16,512,SSD,1.56,Windows,77990,1,high,high,modern,mid,150.94
293,Lenovo,Gaming,AMD,8,Dedicated,8,165,32,1024,SSD,2.5,Windows,165700,1,high,high,modern,mid,188.68
294,Lenovo,Gaming,AMD,8,Dedicated,8,165,32,1024,SSD,2.5,Windows,233500,1,high,high,modern,mid,188.68
295,Lenovo,Business,AMD,8,Integrated,0,60,8,512,SSD,1.3,Windows,140300,2,high,low,modern,mid,161.73
296,Lenovo,Business,AMD,8,Integrated,0,60,32,1024,SSD,1.3,Windows,190300,2,high,low,modern,mid,161.73
297,Lenovo,Business,AMD,8,Integrated,0,60,16,512,SSD,1.3,Windows,152800,2,high,low,modern,mid,161.73
298,Lenovo,Business,AMD,8,Integrated,0,60,8,256,SSD,1.7,Windows,92200,2,high,high,modern,mid,141.51
299,Lenovo,Business,AMD,8,Integrated,0,60,32,1024,SSD,1.7,Windows,140550,2,high,high,modern,mid,141.51
300,Lenovo,Business,AMD,8,Integrated,0,60,16,512,SSD,1.7,Windows,105750,2,high,high,modern,mid,141.51
301,Lenovo,Business,AMD,8,Integrated,0,60,8,256,SSD,1.7,Windows,91300,2,high,high,modern,mid,141.51
302,Lenovo,Gaming,AMD,16,Dedicated,8,165,16,1024,SSD,2.5,Windows,168600,1,high,high,modern,mid,188.68
303,Lenovo,Gaming,AMD,16,Dedicated,8,165,16,1024,SSD,2.5,Windows,237300,1,high,high,modern,mid,188.68
304,Lenovo,Notebook,AMD,6,Integrated,0,60,16,512,SSD,1.49,Windows,70300,1,mid,mid,latest,mid,161.73
305,Lenovo,Notebook,AMD,6,Integrated,0,60,32,1024,SSD,1.49,Windows,88800,1,mid,mid,latest,mid,161.73
306,Lenovo,Notebook,AMD,6,Integrated,0,60,16,512,SSD,1.65,Windows,68700,1,mid,mid,latest,mid,141.51
307,Lenovo,Notebook,AMD,6,Integrated,0,60,16,1024,SSD,1.65,Windows,74100,1,mid,mid,latest,mid,141.51
308,Lenovo,Notebook,AMD,6,Integrated,0,60,32,1024,SSD,1.65,Windows,86500,1,mid,mid,latest,mid,141.51
309,Lenovo,Creator,AMD,8,Integrated,0,90,32,1024,SSD,1.53,Windows,118500,1,high,mid,latest,mid,247.98
310,Lenovo,Notebook,AMD,8,Integrated,0,60,16,512,SSD,1.49,Windows,72200,1,high,mid,latest,mid,161.73
311,Lenovo,Notebook,AMD,8,Integrated,0,120,32,1024,SSD,1.39,Windows,116600,1,high,mid,latest,mid,242.59
312,Lenovo,Notebook,AMD,8,Integrated,0,60,16,512,SSD,1.65,Windows,71100,1,high,mid,latest,mid,141.51
313,Lenovo,Notebook,AMD,8,Integrated,0,60,16,1024,SSD,1.65,Windows,77500,1,high,mid,latest,mid,141.51
314,Lenovo,Notebook,AMD,8,Integrated,0,60,32,1024,SSD,1.65,Windows,88900,1,high,mid,latest,mid,141.51
315,Lenovo,Gaming,AMD,8,Dedicated,8,165,16,512,SSD,1.9,Windows,177400,1,high,mid,latest,mid,201.26
316,Lenovo,Gaming,AMD,8,Dedicated,8,165,16,1024,SSD,1.9,Windows,187200,1,high,mid,latest,mid,201.26
317,Lenovo,Gaming,AMD,8,Dedicated,8,165,32,1024,SSD,1.9,Windows,205900,1,high,mid,latest,mid,201.26
318,Lenovo,Notebook,AMD,8,Dedicated,8,120,32,1024,SSD,1.79,Windows,199990,1,high,mid,latest,mid,212.26
319,Lenovo,Gaming,AMD,8,Dedicated,8,165,16,512,SSD,1.9,Windows,187700,1,high,mid,latest,mid,201.26
320,Lenovo,Gaming,AMD,8,Dedicated,8,165,16,1024,SSD,1.9,Windows,197500,1,high,mid,latest,mid,201.26
321,Lenovo,Gaming,AMD,8,Dedicated,8,165,32,1024,SSD,1.9,Windows,216200,1,high,mid,latest,mid,201.26
322,Lenovo,Gaming,AMD,8,Dedicated,8,165,16,512,SSD,1.9,Windows,199200,1,high,mid,latest,high,201.26
323,Lenovo,Gaming,AMD,8,Dedicated,8,165,16,1024,SSD,1.9,Windows,209000,1,high,mid,latest,high,201.26
324,Lenovo,Gaming,AMD,8,Dedicated,8,165,32,1024,SSD,1.9,Windows,227700,1,high,mid,latest,high,201.26
325,Lenovo,Business,Intel,10,Integrated,0,60,16,512,SSD,1.36,Windows,74990,1,high,high,latest,low,161.73
326,Lenovo,Business,Intel,6,Integrated,0,60,8,512,SSD,1.36,Windows,42990,1,low,low,modern,low,161.73
327,Lenovo,Business,Intel,6,Integrated,0,60,8,512,SSD,1.36,Windows,44990,1,low,low,modern,low,161.73
328,Lenovo,Business,Intel,6,Integrated,0,60,8,512,SSD,1.36,Windows,70990,1,low,low,modern,low,161.73
329,Lenovo,Business,Intel,8,Integrated,0,60,16,512,SSD,1.75,Windows,59990,1,mid,high,modern,low,141.51
330,Lenovo,Business,Intel,10,Integrated,0,60,16,512,SSD,1.75,Windows,96500,1,mid,high,modern,low,141.51
331,Lenovo,2-in-1 Convertible,Intel,14,Integrated,0,60,16,512,SSD,1.49,Windows,95000,2,mid,high,latest,mid,242.59
332,Lenovo,2-in-1 Convertible,Intel,14,Integrated,0,60,16,1024,SSD,1.61,Windows,100990,1,mid,high,latest,mid,161.73
333,Lenovo,Notebook,Intel,14,Integrated,0,60,16,512,SSD,1.92,Windows,74990,2,mid,high,latest,mid,141.51
334,Lenovo,Ultrabook,Intel,14,Integrated,0,60,16,1024,SSD,1.35,Windows,88990,1,mid,high,latest,mid,161.73
335,Lenovo,2-in-1 Convertible,Intel,14,Integrated,0,60,16,512,SSD,1.5,Windows,77600,1,mid,high,latest,mid,161.73
336,Lenovo,2-in-1 Convertible,Intel,14,Integrated,0,60,16,1024,SSD,1.5,Windows,80800,1,mid,high,latest,mid,161.73
337,Lenovo,Business,Intel,14,Integrated,0,60,8,256,SSD,1.36,Windows,73300,1,mid,high,latest,mid,161.73
338,Lenovo,Business,Intel,14,Integrated,0,60,32,1024,SSD,1.36,Windows,110700,1,mid,high,latest,mid,161.73
339,Lenovo,Business,Intel,14,Integrated,0,60,16,512,SSD,1.36,Windows,84000,1,mid,high,latest,mid,161.73
340,Lenovo,Business,Intel,14,Integrated,0,60,8,256,SSD,1.7,Windows,100200,1,mid,high,latest,mid,141.51
341,Lenovo,Business,Intel,14,Integrated,0,60,32,1024,SSD,1.7,Windows,121900,1,mid,high,latest,mid,141.51
342,Lenovo,Business,Intel,14,Integrated,0,60,16,512,SSD,1.7,Windows,113000,1,mid,high,latest,mid,141.51
343,Lenovo,Notebook,Intel,14,Integrated,0,120,32,1024,SSD,1.39,Windows,96200,1,mid,high,latest,mid,242.59
344,Lenovo,Notebook,Intel,14,Integrated,0,120,16,512,SSD,1.65,Windows,95800,1,mid,high,latest,mid,212.26
345,Lenovo,Notebook,Intel,14,Integrated,0,120,16,1024,SSD,1.65,Windows,103100,1,mid,high,latest,mid,212.26
346,Lenovo,Notebook,Intel,14,Integrated,0,120,32,1024,SSD,1.65,Windows,118300,1,mid,high,latest,mid,212.26
347,Lenovo,2-in-1 Convertible,Intel,12,Integrated,0,60,16,256,SSD,1.64,Windows,126000,1,mid,low,latest,mid,161.73
348,Lenovo,2-in-1 Convertible,Intel,12,Integrated,0,60,32,1024,SSD,1.64,Windows,161500,1,mid,low,latest,mid,161.73
349,Lenovo,2-in-1 Convertible,Intel,12,Integrated,0,60,16,512,SSD,1.64,Windows,128200,1,mid,low,latest,mid,161.73
350,Lenovo,2-in-1 Convertible,Intel,12,Integrated,0,60,16,512,SSD,1.5,Windows,73800,1,mid,low,latest,mid,161.73
351,Lenovo,2-in-1 Convertible,Intel,12,Integrated,0,60,16,1024,SSD,1.5,Windows,77000,1,mid,low,latest,mid,161.73
352,Lenovo,Business,Intel,12,Integrated,0,60,8,256,SSD,1.36,Windows,69400,1,mid,low,latest,mid,161.73
353,Lenovo,Business,Intel,12,Integrated,0,60,32,1024,SSD,1.36,Windows,106800,1,mid,low,latest,mid,161.73
354,Lenovo,Business,Intel,12,Integrated,0,60,16,512,SSD,1.36,Windows,80000,1,mid,low,latest,mid,161.73
355,Lenovo,Business,Intel,12,Integrated,0,60,8,256,SSD,1.7,Windows,95400,1,mid,low,latest,mid,141.51
356,Lenovo,Business,Intel,12,Integrated,0,60,32,1024,SSD,1.7,Windows,140400,1,mid,low,latest,mid,141.51
357,Lenovo,Business,Intel,12,Integrated,0,60,16,512,SSD,1.7,Windows,108300,1,mid,low,latest,mid,141.51
358,Lenovo,2-in-1 Convertible,Intel,8,Integrated,0,60,16,512,SSD,1.38,Windows,106200,1,mid,mid,latest,mid,161.73
359,Lenovo,2-in-1 Convertible,Intel,8,Integrated,0,60,16,1024,SSD,1.38,Windows,115900,1,mid,mid,latest,mid,161.73
360,Lenovo,Ultrabook,Intel,8,Integrated,0,120,16,512,SSD,1.29,Windows,103500,1,mid,mid,latest,mid,242.59
361,Lenovo,Ultrabook,Intel,8,Integrated,0,120,16,1024,SSD,1.29,Windows,112500,1,mid,mid,latest,mid,242.59
362,Lenovo,Ultrabook,Intel,16,Integrated,0,60,32,1024,SSD,1.39,Windows,100990,2,high,high,latest,mid,161.73
363,Lenovo,Business,Intel,16,Dedicated,4,60,32,1024,SSD,1.58,Windows,102490,2,high,high,latest,low,161.73
364,Lenovo,Business,Intel,12,Integrated,0,60,16,512,SSD,1.77,Windows,82990,2,high,low,latest,mid,141.51
365,Lenovo,2-in-1 Convertible,Intel,16,Integrated,0,60,16,512,SSD,1.5,Windows,89800,1,high,high,latest,mid,161.73
366,Lenovo,2-in-1 Convertible,Intel,16,Integrated,0,60,24,1024,SSD,1.5,Windows,101500,1,high,high,latest,mid,161.73
367,Lenovo,Business,Intel,16,Integrated,0,60,8,256,SSD,1.36,Windows,86600,1,high,high,latest,mid,161.73
368,Lenovo,Business,Intel,16,Integrated,0,60,32,1024,SSD,1.36,Windows,127000,1,high,high,latest,mid,161.73
369,Lenovo,Business,Intel,16,Integrated,0,60,16,512,SSD,1.36,Windows,100300,1,high,high,latest,mid,161.73
370,Lenovo,Business,Intel,16,Integrated,0,60,8,256,SSD,1.7,Windows,119800,1,high,high,latest,mid,141.51
371,Lenovo,Business,Intel,16,Integrated,0,60,32,1024,SSD,1.7,Windows,164900,1,high,high,latest,mid,141.51
372,Lenovo,Business,Intel,16,Integrated,0,60,16,512,SSD,1.7,Windows,132700,1,high,high,latest,mid,141.51
373,Lenovo,Notebook,Intel,16,Integrated,0,120,32,1024,SSD,1.39,Windows,104200,1,high,high,latest,mid,242.59
374,Lenovo,Notebook,Intel,16,Integrated,0,120,16,512,SSD,1.65,Windows,107700,1,high,high,latest,mid,212.26
375,Lenovo,Notebook,Intel,16,Integrated,0,120,16,1024,SSD,1.65,Windows,115000,1,high,high,latest,mid,212.26
376,Lenovo,Notebook,Intel,16,Integrated,0,120,32,1024,SSD,1.65,Windows,130200,1,high,high,latest,mid,212.26
377,Lenovo,Creator,Intel,16,Integrated,0,120,32,1024,SSD,1.5,Windows,129500,1,high,high,latest,mid,252.58
378,Lenovo,Business,Intel,20,Dedicated,8,165,32,1024,SSD,2.2,Windows,279800,1,high,high,latest,mid,235.85
379,Lenovo,Gaming,Intel,20,Dedicated,8,165,16,512,SSD,2.5,Windows,199200,1,high,high,latest,mid,188.68
380,Lenovo,Gaming,Intel,20,Dedicated,8,240,32,1024,SSD,2.7,Windows,238000,1,high,high,latest,mid,188.68
381,Lenovo,Gaming,Intel,20,Dedicated,8,165,16,512,SSD,2.5,Windows,225100,1,high,high,latest,high,188.68
382,Lenovo,Gaming,Intel,20,Dedicated,8,165,16,1024,SSD,2.5,Windows,217600,1,high,high,latest,high,188.68
383,Lenovo,Gaming,Intel,20,Dedicated,8,165,32,1024,SSD,2.5,Windows,241000,1,high,high,latest,high,188.68
384,Lenovo,2-in-1 Convertible,Intel,12,Integrated,0,60,16,256,SSD,1.64,Windows,149400,1,high,low,latest,mid,161.73
385,Lenovo,2-in-1 Convertible,Intel,12,Integrated,0,60,32,1024,SSD,1.64,Windows,184900,1,high,low,latest,mid,161.73
386,Lenovo,2-in-1 Convertible,Intel,12,Integrated,0,60,16,512,SSD,1.64,Windows,151600,1,high,low,latest,mid,161.73
387,Lenovo,2-in-1 Convertible,Intel,8,Integrated,0,120,16,512,SSD,1.32,Windows,186300,1,high,mid,latest,mid,242.59
388,Lenovo,2-in-1 Convertible,Intel,8,Integrated,0,120,16,1024,SSD,1.32,Windows,197300,1,high,mid,latest,mid,242.59
389,Lenovo,2-in-1 Convertible,Intel,8,Integrated,0,60,16,512,SSD,1.38,Windows,120800,1,high,mid,latest,mid,161.73
390,Lenovo,2-in-1 Convertible,Intel,8,Integrated,0,120,16,1024,SSD,1.32,Windows,207500,1,high,mid,latest,mid,242.59
391,Lenovo,Ultrabook,Intel,8,Integrated,0,120,16,512,SSD,1.29,Windows,117000,1,high,mid,latest,mid,242.59
392,Lenovo,Ultrabook,Intel,8,Integrated,0,120,16,1024,SSD,1.29,Windows,126000,1,high,mid,latest,mid,242.59
393,Lenovo,Ultrabook,Intel,8,Integrated,0,120,32,1024,SSD,1.53,Windows,151790,2,high,mid,latest,mid,226.42
394,Lenovo,Ultrabook,Intel,16,Integrated,0,60,32,1024,SSD,1.35,Windows,110990,1,high,high,latest,mid,161.73
395,Lenovo,Business,Intel,24,Dedicated,8,165,32,1024,SSD,2.2,Windows,293400,1,high,high,latest,mid,235.85
396,Lenovo,Gaming,Intel,24,Dedicated,8,165,16,512,SSD,2.5,Windows,211000,1,high,high,latest,mid,188.68
397,Lenovo,Gaming,Intel,24,Dedicated,8,240,32,1024,SSD,2.7,Windows,249300,1,high,high,latest,mid,188.68
398,Lenovo,Gaming,Intel,24,Dedicated,8,165,16,512,SSD,2.5,Windows,230000,1,high,high,latest,high,188.68
399,Lenovo,Gaming,Intel,24,Dedicated,8,165,16,1024,SSD,2.5,Windows,236800,1,high,high,latest,high,188.68
400,Lenovo,Gaming,Intel,24,Dedicated,8,165,32,1024,SSD,2.5,Windows,252700,1,high,high,latest,high,188.68
401,Lenovo,Gaming,Intel,24,Dedicated,12,240,32,1024,SSD,2.57,Windows,333300,1,high,high,latest,high,188.68
402,Lenovo,Gaming,Intel,24,Dedicated,12,240,32,2048,SSD,2.57,Windows,362900,1,high,high,latest,high,188.68
403,Lenovo,Gaming,Intel,24,Dedicated,16,240,32,1024,SSD,2.57,Windows,385000,1,high,high,latest,high,188.68
404,Lenovo,Gaming,Intel,24,Dedicated,16,240,32,2048,SSD,2.57,Windows,414500,1,high,high,latest,high,188.68
405,Lenovo,Gaming,Intel,24,Dedicated,16,240,32,1024,SSD,3.5,Windows,428600,1,high,high,latest,high,251.57
406,Lenovo,Gaming,Intel,24,Dedicated,16,240,32,2048,SSD,3.5,Windows,457400,1,high,high,latest,high,251.57
407,Lenovo,Gaming,Intel,24,Dedicated,16,240,64,2048,SSD,3.5,Windows,492400,1,high,high,latest,high,251.57
408,Lenovo,Gaming,Intel,24,Dedicated,24,240,32,1024,SSD,2.72,Windows,438700,1,high,high,latest,high,188.68
409,Lenovo,Gaming,Intel,24,Dedicated,24,240,32,2048,SSD,2.72,Windows,468300,1,high,high,latest,high,188.68
410,Lenovo,Gaming,Intel,24,Dedicated,24,240,32,1024,SSD,3.5,Windows,474800,1,high,high,latest,high,251.57
411,Lenovo,Gaming,Intel,24,Dedicated,24,240,32,2048,SSD,3.5,Windows,503700,1,high,high,latest,high,251.57
412,Lenovo,Gaming,Intel,24,Dedicated,24,240,64,2048,SSD,3.5,Windows,538600,1,high,high,latest,high,251.57
413,Lenovo,Creator,Intel,16,Integrated,0,120,32,1024,SSD,1.53,Windows,153000,1,high,high,latest,mid,252.58
414,Lenovo,Notebook,Intel,16,Integrated,0,120,32,1024,SSD,1.39,Windows,127900,1,high,high,latest,mid,242.59
415,Lenovo,Notebook,Intel,6,Integrated,0,60,8,512,SSD,1.6,Windows,50990,3,low,low,modern,low,146.86
416,Lenovo,Gaming,Intel,8,Dedicated,8,144,16,512,SSD,2.4,Windows,78990,2,mid,high,modern,mid,146.86
417,Lenovo,Gaming,Intel,8,Dedicated,8,144,16,512,SSD,2.4,Windows,90990,2,mid,high,modern,mid,146.86
418,Lenovo,Gaming,Intel,8,Dedicated,6,144,16,512,SSD,2.45,Windows,86990,2,mid,high,modern,mid,146.86
419,Lenovo,Gaming,Intel,10,Dedicated,6,144,16,512,SSD,2.38,Windows,76500,2,mid,high,modern,mid,146.86
420,Lenovo,Gaming,Intel,10,Dedicated,6,144,24,512,SSD,2.38,Windows,96990,2,mid,high,modern,mid,146.86
421,Lenovo,Gaming,AMD,10,Dedicated,4,144,16,512,SSD,1.9,Windows,80500,2,mid,high,modern,mid,146.86
422,Lenovo,Gaming,Intel,10,Dedicated,6,144,16,512,SSD,2.38,Windows,72990,2,mid,high,modern,mid,146.86
423,Lenovo,Business,Intel,8,Integrated,0,60,16,256,SSD,1.36,Windows,97600,1,mid,high,modern,low,161.73
424,Lenovo,Business,Intel,8,Integrated,0,60,32,1024,SSD,1.36,Windows,132000,1,mid,high,modern,low,161.73
425,Lenovo,Business,Intel,8,Integrated,0,60,16,512,SSD,1.36,Windows,99700,1,mid,high,modern,low,161.73
426,Lenovo,Business,Intel,8,Integrated,0,60,16,256,SSD,1.36,Windows,95000,1,mid,high,modern,low,141.51
427,Lenovo,Business,Intel,8,Integrated,0,60,16,512,SSD,1.36,Windows,97200,1,mid,high,modern,low,141.51
428,Lenovo,Business,Intel,8,Integrated,0,60,16,1024,SSD,1.36,Windows,107800,1,mid,high,modern,low,141.51
429,Lenovo,Gaming,Intel,10,Dedicated,6,144,16,512,SSD,2.45,Windows,97990,2,mid,high,modern,mid,146.86
430,Lenovo,Gaming,Intel,10,Dedicated,6,144,24,512,SSD,2.4,Windows,94990,2,mid,high,modern,mid,146.86
431,Lenovo,Gaming,Intel,10,Dedicated,4,144,24,512,SSD,2.38,Windows,104990,2,mid,high,modern,mid,146.86
432,Lenovo,Gaming,Intel,10,Dedicated,6,144,16,512,SSD,2.45,Windows,108990,2,mid,high,modern,mid,146.86
433,Lenovo,Ultrabook,Intel,12,Integrated,0,60,16,512,SSD,1.35,Windows,67990,3,mid,high,modern,low,161.73
434,Lenovo,Ultrabook,Intel,12,Integrated,0,60,16,1024,SSD,1.35,Windows,91990,3,mid,high,modern,low,161.73
435,Lenovo,Gaming,Intel,14,Dedicated,6,144,16,512,SSD,1.77,Windows,92990,2,high,high,modern,mid,146.86
436,Lenovo,2-in-1 Convertible,Intel,10,Integrated,0,60,16,1024,SSD,1.34,Windows,206990,3,high,low,modern,low,174.17
437,Lenovo,2-in-1 Convertible,Intel,12,Integrated,0,60,16,1024,SSD,1.4,Windows,135000,3,high,mid,modern,low,323.45
438,Lenovo,2-in-1 Convertible,Intel,12,Integrated,0,60,16,1024,SSD,1.49,Windows,104990,3,high,mid,modern,low,161.73
439,Lenovo,Ultrabook,Intel,12,Integrated,0,90,16,1024,SSD,1.7,Windows,112990,3,high,mid,modern,low,232.22
440,Lenovo,Notebook,Intel,10,Integrated,0,60,16,512,SSD,1.34,Windows,76300,1,high,high,modern,low,161.73
441,Lenovo,Notebook,Intel,10,Integrated,0,60,16,1024,SSD,1.34,Windows,83500,1,high,high,modern,low,161.73
442,Lenovo,Notebook,Intel,10,Integrated,0,60,32,1024,SSD,1.34,Windows,98000,1,high,high,modern,low,161.73
443,Lenovo,Notebook,Intel,10,Integrated,0,60,16,512,SSD,1.63,Windows,85990,1,high,high,modern,low,150.94
444,Lenovo,Gaming,Intel,14,Dedicated,6,144,16,512,SSD,2.38,Windows,123000,2,high,high,modern,mid,146.86
445,Lenovo,Gaming,Intel,14,Dedicated,6,144,16,512,SSD,2.45,Windows,118990,2,high,high,modern,mid,146.86
446,Lenovo,Gaming,Intel,14,Dedicated,6,144,24,512,SSD,2.38,Windows,127990,2,high,high,modern,mid,146.86
447,Lenovo,Gaming,Intel,14,Dedicated,8,165,16,512,SSD,1.9,Windows,165100,1,high,high,modern,high,201.26
448,Lenovo,Gaming,Intel,14,Dedicated,8,165,16,1024,SSD,1.9,Windows,173300,1,high,high,modern,high,201.26
449,Lenovo,Gaming,Intel,14,Dedicated,8,165,32,1024,SSD,1.9,Windows,190500,1,high,high,modern,high,201.26
450,Lenovo,Gaming,Intel,16,Dedicated,8,144,16,1024,SSD,2.4,Windows,141990,1,high,high,modern,mid,146.86
451,Lenovo,Gaming,Intel,16,Dedicated,8,144,16,1024,SSD,2.4,Windows,132990,1,high,high,modern,mid,146.86
452,Lenovo,Gaming,Intel,20,Dedicated,8,144,16,1024,SSD,2.38,Windows,169000,2,high,high,modern,mid,146.86
453,Lenovo,Gaming,Intel,20,Dedicated,8,144,16,1024,SSD,2.4,Windows,127500,1,high,high,modern,mid,146.86
454,Lenovo,Gaming,Intel,20,Dedicated,8,144,16,1024,SSD,2.4,Windows,179000,1,high,high,modern,mid,146.86
455,Lenovo,Gaming,Intel,20,Dedicated,8,144,32,1024,SSD,2.4,Windows,184500,1,high,high,modern,mid,146.86
456,Lenovo,Gaming,Intel,24,Dedicated,16,165,32,2048,SSD,2.5,Windows,450200,3,high,high,modern,high,229.47
457,Lenovo,Gaming,Intel,24,Dedicated,8,165,16,512,SSD,1.9,Windows,209300,1,high,high,modern,high,201.26
458,Lenovo,Gaming,Intel,24,Dedicated,8,165,16,1024,SSD,1.9,Windows,217400,1,high,high,modern,high,201.26
459,Lenovo,Gaming,Intel,24,Dedicated,8,165,32,1024,SSD,1.9,Windows,234600,1,high,high,modern,high,201.26
460,Lenovo,Ultrabook,Qualcomm,12,Integrated,0,90,32,1024,SSD,1.28,Windows,137990,2,high,high,latest,low,247.98
461,Lenovo,Notebook,Qualcomm,8,Integrated,0,60,16,1024,SSD,1.52,Windows,86990,2,mid,mid,latest,low,161.73
462,Lenovo,Ultrabook,Qualcomm,10,Integrated,0,90,32,1024,SSD,1.28,Windows,99900,2,mid,mid,latest,low,247.98
463,Lenovo,Business,Qualcomm,8,Integrated,0,60,16,1024,SSD,1.82,Windows,114300,2,low,mid,latest,low,141.51
464,Lenovo,Business,Qualcomm,8,Integrated,0,60,32,1024,SSD,1.82,Windows,134600,2,low,mid,latest,low,141.51
465,Lenovo,Notebook,Qualcomm,8,Integrated,0,60,16,512,SSD,1.6,Windows,66990,1,low,mid,latest,low,150.94
467,Lenovo,Business,AMD,6,Integrated,0,60,16,512,SSD,1.53,Windows,75990,2,mid,low,modern,mid,161.73
468,Lenovo,Business,AMD,6,Integrated,0,60,16,512,SSD,1.77,Windows,60990,2,mid,low,modern,mid,141.51
469,Lenovo,Business,Intel,6,Dedicated,0,60,8,512,SSD,1.3,Windows,125000,2,mid,low,modern,low,161.73
470,Lenovo,Business,Qualcomm,8,Integrated,0,60,16,512,SSD,1.24,Windows,177300,2,mid,mid,latest,low,161.73
471,Lenovo,Business,AMD,6,Integrated,0,60,16,512,SSD,1.3,Windows,148400,2,mid,high,latest,mid,161.73
472,Lenovo,Business,Intel,8,Integrated,0,120,32,1024,SSD,1.28,Windows,157100,1,high,mid,latest,mid,242.59
473,Lenovo,Business,Intel,8,Integrated,0,120,32,512,SSD,1.5,Windows,179990,1,high,mid,latest,mid,226.42
474,Lenovo,Business,Intel,8,Integrated,0,120,32,1024,SSD,1.5,Windows,199990,1,high,mid,latest,mid,226.42
475,Lenovo,Business,Intel,8,Integrated,0,60,32,1024,SSD,0.99,Windows,192200,2,high,mid,latest,mid,161.73
476,Lenovo,Business,Intel,8,Integrated,0,60,32,512,SSD,1.28,Windows,153600,2,mid,mid,latest,mid,161.73
477,Lenovo,2-in-1 Convertible,Intel,8,Integrated,0,60,32,1024,SSD,1.45,Windows,231700,1,high,mid,latest,mid,161.73
478,Lenovo,Business,Intel,12,Integrated,0,60,16,512,SSD,1.01,Windows,159400,2,mid,low,latest,mid,161.73
479,Lenovo,Business,Intel,6,Integrated,0,60,8,512,SSD,1.35,Windows,76990,1,low,low,modern,low,161.73
480,Lenovo,Business,Intel,8,Integrated,0,60,16,512,SSD,1.35,Windows,104990,1,mid,high,modern,low,161.73
481,Lenovo,2-in-1 Convertible,Intel,12,Integrated,0,60,16,512,SSD,1.35,Windows,227500,1,mid,low,latest,mid,161.73
482,Lenovo,Business,AMD,6,Integrated,0,60,16,512,SSD,1.35,Windows,151500,1,mid,high,latest,mid,161.73
483,Lenovo,Business,AMD,6,Integrated,0,60,16,512,SSD,1.77,Windows,149990,1,mid,high,latest,mid,141.51
484,Lenovo,Business,AMD,6,Integrated,0,60,16,512,SSD,1.39,Windows,146400,1,mid,high,latest,mid,161.73
485,Lenovo,Business,AMD,12,Integrated,0,60,64,2048,SSD,1.39,Windows,339600,1,high,high,latest,mid,161.73
486,Lenovo,Business,AMD,6,Integrated,0,60,16,512,SSD,1.71,Windows,150300,1,mid,high,latest,mid,161.73
487,Lenovo,Business,AMD,12,Integrated,0,60,96,2048,SSD,1.71,Windows,443000,1,high,high,latest,mid,161.73
488,Lenovo,Business,Intel,8,Integrated,0,60,32,512,SSD,1.48,Windows,157490,2,mid,mid,latest,mid,161.73
489,Lenovo,Business,Intel,8,Integrated,0,60,32,1024,SSD,1.48,Windows,199990,2,high,mid,latest,mid,161.73
490,Lenovo,Business,Intel,16,Integrated,0,60,32,512,SSD,1.77,Windows,189490,1,high,high,latest,mid,141.51
491,Lenovo,Business,Intel,12,Integrated,0,60,16,512,SSD,1.23,Windows,162800,2,mid,low,latest,mid,161.73
492,Lenovo,Business,Intel,12,Integrated,0,60,8,256,SSD,1.77,Windows,102900,1,mid,low,latest,mid,161.73
493,Lenovo,Business,Intel,12,Integrated,0,60,16,512,SSD,1.38,Windows,108490,1,mid,low,latest,mid,161.73
494,Lenovo,Business,Intel,12,Integrated,0,60,16,512,SSD,1.38,Windows,119990,1,high,low,latest,mid,161.73
495,Lenovo,2-in-1 Convertible,Intel,12,Integrated,0,60,16,256,SSD,1.39,Windows,201500,1,mid,low,latest,mid,161.73
496,Lenovo,Business,AMD,6,Integrated,0,60,16,512,SSD,1.69,Windows,66990,1,mid,mid,modern,low,141.51
497,Lenovo,Business,AMD,8,Integrated,0,60,16,512,SSD,1.69,Windows,70990,1,high,mid,modern,mid,141.51
498,Lenovo,Business,Intel,14,Integrated,0,60,16,512,SSD,1.35,Windows,105990,1,mid,high,latest,mid,161.73
499,Lenovo,Business,AMD,6,Integrated,0,60,8,256,SSD,1.36,Windows,91200,1,mid,high,modern,mid,161.73
500,Lenovo,Business,Intel,14,Integrated,0,60,16,512,SSD,1.69,Windows,82990,1,mid,high,latest,mid,141.51
501,Lenovo,Business,Intel,6,Integrated,0,60,16,512,SSD,1.69,Windows,59990,1,low,low,modern,low,141.51
502,Lenovo,Business,Intel,12,Integrated,0,60,16,512,SSD,1.05,Windows,159990,1,mid,low,latest,mid,174.17
503,Lenovo,Business,Intel,12,Integrated,0,60,16,1024,SSD,1.05,Windows,184990,1,high,low,latest,mid,174.17
504,Lenovo,Business,AMD,4,Integrated,0,60,16,256,SSD,1.77,Windows,101500,1,low,high,modern,low,141.51
505,Lenovo,Business,AMD,6,Integrated,0,60,16,512,SSD,1.35,Windows,74990,1,mid,mid,modern,low,161.73
506,Lenovo,Business,Intel,16,Integrated,0,60,32,1024,SSD,1.58,Windows,183490,1,high,high,latest,mid,161.73
507,Lenovo,Business,AMD,6,Integrated,0,60,16,512,SSD,1.36,Windows,119000,1,mid,high,latest,mid,141.51
508,Lenovo,Business,Intel,16,Dedicated,8,60,16,512,SSD,1.84,Windows,346900,1,high,high,latest,mid,141.51
509,Lenovo,2-in-1 Convertible,Intel,12,Integrated,0,60,16,256,SSD,1.3,Windows,137900,1,mid,low,latest,mid,174.17
510,Lenovo,Business,Intel,12,Integrated,0,60,16,256,SSD,1.21,Windows,115900,1,mid,low,latest,mid,174.17
511,Lenovo,2-in-1 Convertible,AMD,4,Integrated,0,60,16,256,SSD,1.3,Windows,122900,1,low,high,modern,low,174.17
512,Lenovo,Business,AMD,4,Integrated,0,60,16,256,SSD,1.21,Windows,112400,1,low,high,modern,low,174.17
513,Lenovo,Business,Intel,8,Integrated,0,60,16,512,SSD,1.32,Windows,81990,1,mid,mid,latest,mid,161.73
514,Other,Ultrabook,Intel,12,Integrated,0,60,16,512,SSD,1.55,Windows,79999,1,mid,low,latest,mid,146.86
515,Other,Ultrabook,Intel,12,Integrated,0,60,32,1024,SSD,1.55,Windows,87999,1,high,low,latest,mid,146.86
516,Other,2-in-1 Convertible,Intel,8,Integrated,0,60,16,512,SSD,1.45,Windows,122990,1,mid,mid,latest,mid,146.86
517,Other,2-in-1 Convertible,Intel,8,Integrated,0,60,16,1024,SSD,1.45,Windows,138990,1,high,mid,latest,mid,146.86
518,Other,2-in-1 Convertible,Intel,8,Integrated,0,60,32,1024,SSD,1.45,Windows,154990,1,high,mid,latest,mid,146.86
519,Other,Ultrabook,Intel,8,Integrated,0,120,16,512,SSD,1.23,Windows,139990,1,mid,mid,latest,mid,242.59
520,Other,Ultrabook,Intel,8,Integrated,0,120,16,1024,SSD,1.23,Windows,155990,1,high,mid,latest,mid,242.59
521,Other,Ultrabook,Intel,8,Integrated,0,120,32,1024,SSD,1.23,Windows,171990,1,high,mid,latest,mid,242.59
522,Other,Ultrabook,Intel,8,Integrated,0,120,16,512,SSD,1.56,Windows,149990,1,high,mid,latest,mid,212.26
523,Other,Ultrabook,Intel,8,Integrated,0,120,32,1024,SSD,1.56,Windows,181990,1,high,mid,latest,mid,212.26
524,Other,2-in-1 Convertible,Intel,8,Integrated,0,120,16,512,SSD,1.56,Windows,163990,1,mid,mid,latest,mid,212.26
525,Other,2-in-1 Convertible,Intel,8,Integrated,0,120,32,1024,SSD,1.56,Windows,195990,1,high,mid,latest,mid,212.26
526,Other,Ultrabook,Intel,10,Integrated,0,60,16,512,SSD,1.55,Windows,79990,2,mid,low,modern,low,146.86
527,Other,Ultrabook,Intel,10,Integrated,0,60,16,512,SSD,1.55,Windows,89990,2,mid,low,modern,low,146.86
528,Other,Ultrabook,Intel,10,Integrated,0,60,6,512,SSD,1.55,Windows,67990,2,mid,low,modern,low,146.86
529,Other,Ultrabook,Intel,10,Integrated,0,60,16,512,SSD,1.55,Windows,73990,2,mid,low,modern,low,146.86
530,Other,Ultrabook,Intel,10,Integrated,0,60,16,512,SSD,1.55,Windows,83990,2,high,low,modern,low,146.86
531,Other,2-in-1 Convertible,Intel,10,Integrated,0,60,16,512,SSD,1.46,Windows,122990,2,mid,low,modern,low,146.86
532,Other,Ultrabook,Qualcomm,8,Integrated,0,60,16,512,SSD,1.4,Windows,76990,2,low,mid,latest,low,146.86
533,Other,Ultrabook,Intel,16,Integrated,0,120,16,512,SSD,1.23,Windows,160090,2,high,high,latest,mid,242.59
534,Other,Ultrabook,Intel,16,Integrated,0,120,16,512,SSD,1.56,Windows,172490,2,high,high,latest,mid,212.26
535,Other,Ultrabook,Intel,14,Integrated,0,120,16,512,SSD,1.56,Windows,130890,2,mid,high,latest,mid,212.26
536,Other,Ultrabook,Intel,14,Integrated,0,120,14,512,SSD,1.56,Windows,151790,2,mid,high,latest,mid,212.26
537,Other,Ultrabook,Intel,16,Integrated,0,120,32,1024,SSD,1.56,Windows,164990,2,high,high,latest,mid,212.26
538,Other,2-in-1 Convertible,Intel,16,Integrated,0,120,16,1024,SSD,1.66,Windows,206990,2,high,high,latest,mid,212.26
539,Other,Ultrabook,Intel,10,Integrated,0,60,16,512,SSD,1.58,Windows,57690,3,mid,low,modern,low,146.86
540,Other,Ultrabook,Intel,10,Integrated,0,60,16,512,SSD,1.58,Windows,69690,3,high,low,modern,low,146.86
541,Other,2-in-1 Convertible,Intel,10,Integrated,0,60,16,512,SSD,1.16,Windows,96790,3,mid,low,modern,low,169.45
542,Other,Ultrabook,Intel,12,Integrated,0,120,16,512,SSD,1.17,Windows,126990,3,high,mid,modern,low,242.59
543,Other,Ultrabook,Intel,12,Integrated,0,120,16,1024,SSD,1.17,Windows,140990,3,high,mid,modern,low,242.59
544,Other,Ultrabook,Intel,12,Integrated,0,120,16,512,SSD,1.56,Windows,135990,3,high,mid,modern,low,212.26
545,Other,Ultrabook,Intel,12,Integrated,0,120,16,1024,SSD,1.56,Windows,149990,3,high,mid,modern,low,212.26
546,Other,2-in-1 Convertible,Intel,12,Integrated,0,120,16,512,SSD,1.66,Windows,140990,3,mid,mid,modern,low,212.26
547,Other,2-in-1 Convertible,Intel,12,Integrated,0,120,16,512,SSD,1.66,Windows,147990,3,high,mid,modern,low,212.26
548,Other,2-in-1 Convertible,Intel,12,Integrated,0,120,16,1024,SSD,1.66,Windows,162990,3,high,mid,modern,low,212.26
549,Other,Ultrabook,Intel,8,Integrated,0,120,16,512,SSD,1.85,Windows,117990,0,high,mid,latest,mid,141.51
550,Other,Ultrabook,Intel,8,Integrated,0,120,16,1024,SSD,1.85,Windows,136990,0,high,mid,latest,mid,141.51
551,Other,Ultrabook,Intel,16,Integrated,0,120,16,512,SSD,1.24,Windows,178990,0,high,high,latest,mid,242.59
552,Other,Ultrabook,Intel,16,Integrated,0,120,16,1024,SSD,1.24,Windows,184990,0,high,high,latest,mid,242.59
553,Other,Ultrabook,Intel,16,Integrated,0,120,32,1024,SSD,1.24,Windows,204990,0,high,high,latest,mid,242.59
554,Other,Ultrabook,Intel,16,Integrated,0,120,32,1024,SSD,1.24,Windows,214990,0,low,high,latest,mid,242.59
555,Other,Creator,Intel,16,Dedicated,8,120,32,1024,SSD,1.79,Windows,310990,0,high,high,latest,high,212.26
556,Other,Creator,Intel,16,Dedicated,8,120,32,1024,SSD,1.79,Windows,242990,0,low,high,latest,high,212.26
557,MSI,Gaming,Intel,24,Dedicated,24,120,64,6144,SSD,3.6,Windows,587990,1,high,high,latest,high,251.57
558,MSI,Gaming,Intel,24,Dedicated,24,120,64,4092,SSD,3.6,Windows,499990,1,high,high,latest,high,251.57
559,MSI,Gaming,Intel,24,Dedicated,16,120,64,4092,SSD,3.6,Windows,481990,1,high,high,latest,high,251.57
560,MSI,Gaming,Intel,24,Dedicated,12,240,32,2048,SSD,3.1,Windows,339990,2,high,high,modern,high,167.72
561,MSI,Gaming,AMD,16,Dedicated,12,240,32,2048,SSD,3.6,Windows,269990,1,high,high,modern,high,167.72
562,MSI,Gaming,Intel,24,Dedicated,16,240,32,1024,SSD,2.7,Windows,299990,1,high,high,latest,high,188.68
563,MSI,Gaming,Intel,16,Dedicated,8,240,16,1024,SSD,2.67,Windows,182990,3,high,high,modern,high,188.68
564,MSI,Gaming,Intel,16,Dedicated,8,240,32,1024,SSD,2.7,Windows,197990,3,high,high,modern,high,188.68
565,MSI,Gaming,Intel,24,Dedicated,12,240,32,1024,SSD,2.67,Windows,273990,3,high,high,modern,high,188.68
566,MSI,Gaming,AMD,16,Dedicated,16,240,32,2048,SSD,3.6,Windows,339990,1,high,high,modern,high,167.72
567,MSI,Gaming,Intel,20,Dedicated,12,240,16,1024,SSD,2.7,Windows,197999,1,high,high,latest,high,188.68
568,MSI,Gaming,Intel,24,Dedicated,16,240,32,2048,SSD,3.0,Windows,328990,3,high,high,modern,high,177.58
569,MSI,Gaming,Intel,14,Dedicated,8,240,32,1024,SSD,1.99,Windows,219990,3,high,high,modern,mid,188.68
570,MSI,Gaming,Intel,14,Dedicated,8,240,32,1024,SSD,1.99,Windows,227990,3,high,high,modern,high,188.68
571,MSI,Gaming,Intel,16,Dedicated,8,240,32,1024,SSD,1.99,Windows,199990,2,high,high,latest,mid,188.68
572,MSI,Gaming,Intel,16,Dedicated,8,165,16,1024,SSD,1.7,Windows,192990,2,high,high,latest,mid,161.73
573,MSI,Gaming,Intel,10,Dedicated,8,240,16,1024,SSD,2.1,Windows,170990,3,high,high,modern,mid,195.81
574,MSI,Gaming,Intel,16,Dedicated,8,120,32,1024,SSD,1.7,Windows,229990,2,high,high,latest,high,242.59
575,MSI,Gaming,Intel,14,Dedicated,8,240,16,2048,SSD,2.8,Windows,282990,3,high,high,modern,high,172.78
576,MSI,Gaming,Intel,10,Dedicated,6,144,16,1024,SSD,2.1,Windows,132990,3,high,high,modern,mid,146.86
577,MSI,Gaming,Intel,16,Dedicated,8,240,32,2048,SSD,1.99,Windows,249990,2,high,high,latest,high,188.68
578,MSI,Gaming,AMD,10,Dedicated,8,240,32,1024,SSD,2.1,Windows,220990,2,high,mid,latest,high,188.68
579,MSI,Gaming,Intel,16,Dedicated,12,120,32,2048,SSD,2.89,Windows,349990,2,high,high,latest,high,251.57
580,MSI,Gaming,Intel,20,Dedicated,8,240,16,1024,SSD,2.5,Windows,189990,1,high,high,latest,high,188.68
581,MSI,Gaming,Intel,24,Dedicated,8,240,16,1024,SSD,2.5,Windows,184990,1,high,high,latest,mid,188.68
582,MSI,Gaming,Intel,24,Dedicated,8,240,16,1024,SSD,2.5,Windows,205990,1,high,high,latest,high,188.68
583,MSI,Gaming,Intel,20,Dedicated,8,240,16,1024,SSD,2.5,Windows,179990,1,high,high,latest,mid,188.68
584,MSI,Gaming,AMD,16,Dedicated,8,240,16,1024,SSD,2.5,Windows,175990,1,high,high,modern,high,188.68
585,MSI,Gaming,AMD,16,Dedicated,8,240,16,1024,SSD,2.8,Windows,179990,1,high,high,modern,high,177.58
586,MSI,Gaming,AMD,16,Dedicated,8,240,16,1024,SSD,2.5,Windows,159990,1,high,high,modern,mid,188.68
587,MSI,Gaming,Intel,20,Dedicated,8,240,32,1024,SSD,2.5,Windows,175990,2,high,high,modern,high,188.68
588,MSI,Gaming,Intel,14,Dedicated,8,240,16,1024,SSD,2.7,Windows,154990,3,high,high,modern,high,172.78
589,MSI,Gaming,Intel,14,Dedicated,8,360,16,1024,SSD,2.3,Windows,154990,3,high,high,modern,mid,146.86
590,MSI,Gaming,Intel,16,Dedicated,8,240,16,1024,SSD,2.5,Windows,149990,2,high,high,latest,mid,188.68
591,MSI,Gaming,Intel,16,Dedicated,8,240,16,1024,SSD,2.8,Windows,174990,2,high,high,latest,high,177.58
592,MSI,Gaming,Intel,16,Dedicated,8,240,32,1024,SSD,2.5,Windows,184990,2,high,high,latest,high,188.68
593,MSI,Gaming,Intel,16,Dedicated,8,240,32,1024,SSD,2.8,Windows,189990,2,high,high,latest,high,177.58
594,MSI,Gaming,Intel,24,Dedicated,8,165,16,1024,SSD,2.4,Windows,142990,1,high,high,modern,mid,195.81
595,MSI,Gaming,Intel,16,Dedicated,8,165,16,1024,SSD,2.4,Windows,140500,1,high,high,modern,mid,195.81
596,MSI,Gaming,Intel,8,Dedicated,6,144,16,1024,SSD,2.25,Windows,80990,3,mid,high,modern,mid,146.86
597,MSI,Gaming,AMD,8,Dedicated,6,144,16,512,SSD,2.25,Windows,104990,2,high,high,modern,mid,146.86
598,MSI,Gaming,Intel,10,Dedicated,8,144,16,512,SSD,2.4,Windows,102990,1,mid,high,modern,mid,146.86
599,MSI,Gaming,AMD,8,Dedicated,6,144,15,512,SSD,2.25,Windows,107990,2,high,high,modern,mid,146.86
600,MSI,Gaming,Intel,16,Dedicated,8,165,16,512,SSD,2.4,Windows,114990,1,high,high,modern,mid,195.81
601,MSI,Gaming,AMD,8,Dedicated,6,144,16,1024,SSD,2.6,Windows,114000,2,high,high,modern,mid,129.58
602,MSI,Gaming,Intel,14,Dedicated,6,144,16,1024,SSD,2.25,Windows,102990,2,high,high,modern,mid,146.86
603,MSI,Gaming,Intel,20,Dedicated,6,144,16,1024,SSD,2.3,Windows,124990,2,high,high,modern,mid,141.51
604,MSI,Gaming,Intel,16,Dedicated,8,144,16,1024,SSD,1.9,Windows,104990,2,high,high,latest,mid,150.94
605,MSI,Gaming,Intel,14,Dedicated,6,144,16,1024,SSD,1.9,Windows,99990,2,mid,high,latest,mid,146.86
606,MSI,Gaming,Intel,16,Dedicated,6,144,16,1024,SSD,1.9,Windows,107990,2,high,high,latest,mid,146.86
607,MSI,Gaming,Intel,8,Dedicated,4,144,8,512,SSD,1.6,Windows,57990,3,mid,high,modern,low,161.73
608,MSI,Gaming,Intel,10,Dedicated,8,144,16,1024,SSD,2.1,Windows,122990,1,mid,high,modern,mid,146.86
609,MSI,Gaming,Intel,8,Dedicated,8,144,16,512,SSD,2.1,Windows,99990,1,mid,high,modern,mid,146.86
610,MSI,Gaming,Intel,14,Dedicated,8,144,16,512,SSD,1.98,Windows,106990,2,high,high,modern,mid,146.86
611,MSI,Gaming,Intel,8,Dedicated,4,144,16,512,SSD,1.86,Windows,72490,3,mid,high,modern,mid,146.86
612,MSI,Gaming,Intel,14,Dedicated,4,144,16,512,SSD,1.86,Windows,78990,3,high,high,modern,mid,146.86
613,MSI,Gaming,AMD,6,Dedicated,4,144,16,512,SSD,1.86,Windows,62990,3,mid,high,modern,low,146.86
614,MSI,Gaming,AMD,8,Dedicated,4,144,16,1024,SSD,1.86,Windows,67500,3,high,high,modern,mid,146.86
615,MSI,Creator,Intel,20,Dedicated,8,165,32,2048,SSD,2.49,Windows,304990,2,high,high,modern,high,177.58
616,MSI,Creator,Intel,14,Dedicated,6,60,16,1024,SSD,2.29,Windows,178990,3,high,high,modern,low,188.68
617,MSI,Creator,Intel,14,Dedicated,8,60,32,1024,SSD,2.29,Windows,265990,3,high,high,modern,low,188.68
618,MSI,Ultrabook,Intel,16,Integrated,0,144,16,1024,SSD,1.7,Windows,91990,2,high,high,latest,mid,161.73
619,MSI,Ultrabook,Intel,16,Dedicated,6,60,32,1024,SSD,1.6,Windows,145990,2,high,high,latest,mid,188.68
620,MSI,Ultrabook,Intel,16,Dedicated,8,60,32,1024,SSD,1.6,Windows,154990,2,high,high,latest,mid,188.68
621,MSI,Notebook,Intel,14,Dedicated,4,165,16,1024,SSD,2.1,Windows,136990,3,high,high,modern,low,188.68
622,MSI,Ultrabook,Intel,14,Integrated,0,60,16,1024,SSD,0.99,Windows,91990,2,mid,high,latest,mid,261.25
623,MSI,Ultrabook,Intel,16,Integrated,0,60,16,1024,SSD,0.99,Windows,104990,2,high,high,latest,mid,261.25
624,MSI,Ultrabook,Intel,16,Integrated,0,60,16,1024,SSD,1.5,Windows,109990,2,high,high,latest,mid,188.68
625,MSI,Ultrabook,Intel,12,Integrated,0,60,16,1024,SSD,0.99,Windows,81990,3,high,mid,modern,low,174.17
626,MSI,Notebook,Intel,14,Dedicated,6,165,16,1024,SSD,2.1,Windows,164990,3,high,high,modern,mid,188.68
627,MSI,2-in-1 Convertible,Intel,8,Integrated,0,60,32,1024,SSD,1.35,Windows,149990,1,high,mid,latest,mid,174.17
628,MSI,2-in-1 Convertible,Intel,16,Integrated,0,60,32,1024,SSD,1.39,Windows,136990,2,high,high,latest,mid,174.17
629,MSI,2-in-1 Convertible,Intel,12,Integrated,0,60,16,1024,SSD,1.35,Windows,134990,3,high,mid,modern,low,174.17
630,MSI,2-in-1 Convertible,Intel,12,Integrated,0,60,16,1024,SSD,1.6,Windows,132990,3,high,mid,modern,low,215.63
631,MSI,2-in-1 Convertible,Intel,14,Integrated,0,60,16,1024,SSD,1.39,Windows,123990,2,mid,high,latest,mid,174.17
632,MSI,Notebook,Intel,10,Integrated,0,60,8,512,SSD,1.7,Windows,49900,3,mid,low,modern,low,146.86
633,MSI,Notebook,AMD,8,Integrated,0,60,16,512,SSD,1.4,Windows,52990,3,high,low,modern,low,157.35
634,MSI,Notebook,Intel,10,Integrated,0,60,16,512,SSD,1.6,Windows,63990,3,mid,low,modern,low,157.35
635,MSI,Notebook,Intel,14,Integrated,0,60,16,1024,SSD,1.6,Windows,78990,3,high,high,modern,low,161.73
636,MSI,Notebook,Intel,10,Integrated,0,60,16,512,SSD,1.7,Windows,64990,3,mid,low,modern,low,146.86
637,MSI,Notebook,Intel,16,Integrated,0,60,16,1024,SSD,1.9,Windows,75990,1,high,high,latest,mid,146.86
638,MSI,Notebook,Intel,10,Integrated,0,60,8,512,SSD,1.7,Windows,60990,3,high,low,modern,low,146.86
639,MSI,Notebook,Intel,14,Integrated,0,60,16,1024,SSD,1.9,Windows,72990,3,high,high,modern,low,146.86
640,MSI,Notebook,Intel,10,Integrated,0,60,16,512,SSD,1.4,Windows,52990,3,mid,low,modern,low,157.35
641,MSI,Notebook,AMD,6,Integrated,0,60,8,512,SSD,1.75,Windows,42999,3,mid,low,modern,low,146.86
642,MSI,Notebook,AMD,6,Integrated,0,60,8,512,SSD,1.4,Windows,46990,3,mid,low,modern,low,157.35
643,MSI,Notebook,AMD,6,Integrated,0,60,16,512,SSD,1.75,Windows,47999,3,mid,low,modern,low,146.86
644,MSI,Notebook,Intel,6,Integrated,0,60,8,512,SSD,1.7,Windows,39999,3,low,low,modern,low,146.86
645,MSI,Notebook,AMD,6,Integrated,0,60,16,512,SSD,1.75,Windows,45990,3,mid,low,modern,low,146.86
646,MSI,Notebook,Intel,6,Integrated,0,60,8,512,SSD,1.4,Windows,44990,3,low,low,modern,low,157.35
647,MSI,Notebook,Intel,6,Integrated,0,60,16,512,SSD,1.4,Windows,44990,3,low,low,modern,low,157.35
648,MSI,Notebook,AMD,6,Integrated,0,60,16,512,SSD,1.4,Windows,44990,2,mid,low,modern,low,157.35
649,MSI,Notebook,Intel,8,Integrated,0,60,16,512,SSD,1.9,Windows,57990,3,mid,high,modern,low,146.86
650,MSI,Notebook,Intel,8,Integrated,0,60,16,512,SSD,1.6,Windows,63900,3,mid,high,modern,low,157.35
651,MSI,Notebook,Intel,10,Integrated,0,60,8,512,SSD,1.4,Windows,55480,3,mid,low,modern,low,157.35
652,MSI,Business,Intel,14,Integrated,0,144,16,512,SSD,1.9,Windows,63990,1,mid,high,latest,mid,146.86
653,MSI,Business,Intel,16,Integrated,0,144,16,1024,SSD,1.9,Windows,74990,1,high,high,latest,mid,146.86
654,MSI,Business,Intel,14,Dedicated,6,144,16,1024,SSD,1.9,Windows,87990,1,mid,high,latest,mid,146.86
655,MSI,Business,Intel,16,Dedicated,6,144,16,1024,SSD,1.9,Windows,100990,1,high,high,latest,mid,146.86
656,MSI,Business,AMD,8,Integrated,0,144,16,1024,SSD,1.9,Windows,79990,1,high,mid,modern,mid,146.86
657,MSI,Business,AMD,8,Integrated,0,144,16,1024,SSD,1.9,Windows,99990,1,high,mid,modern,mid,146.86
658,MSI,Business,AMD,8,Dedicated,8,144,16,1024,SSD,1.9,Windows,124990,1,high,mid,modern,mid,146.86
659,Acer,Gaming,Intel,20,Dedicated,6,165,16,1024,SSD,2.8,Windows,117990,2,high,high,modern,mid,141.51
660,Acer,Gaming,Intel,20,Dedicated,8,240,16,1024,SSD,2.3,Windows,168960,1,high,high,latest,mid,188.68
661,Acer,Gaming,Intel,20,Dedicated,8,165,16,1024,SSD,2.8,Windows,138590,2,high,high,modern,mid,188.68
662,Acer,Gaming,Intel,24,Dedicated,8,165,16,1024,SSD,2.8,Windows,196990,2,high,high,modern,high,188.68
663,Acer,Gaming,Intel,20,Dedicated,8,240,16,1024,SSD,2.3,Windows,154999,1,high,high,latest,mid,188.68
664,Acer,Gaming,Intel,20,Dedicated,8,240,16,1024,SSD,2.3,Windows,179990,1,high,high,latest,high,188.68
665,Acer,Gaming,Intel,20,Dedicated,8,165,16,1024,SSD,2.6,Windows,149999,3,high,high,modern,mid,188.68
666,Acer,Gaming,Intel,16,Dedicated,6,120,16,1024,SSD,1.9,Windows,126990,2,high,high,latest,mid,161.73
667,Acer,Gaming,Intel,24,Dedicated,8,240,16,1024,SSD,2.3,Windows,220990,1,high,high,latest,high,188.68
668,Acer,Gaming,Intel,14,Dedicated,6,165,16,1024,SSD,2.6,Windows,85990,3,mid,high,modern,mid,141.51
669,Acer,Gaming,Intel,20,Dedicated,6,165,16,1024,SSD,2.6,Windows,94990,3,high,high,modern,mid,141.51
670,Acer,Gaming,Intel,24,Dedicated,12,165,16,1024,SSD,2.65,Windows,248000,2,high,high,modern,high,188.68
671,Acer,Gaming,Intel,24,Dedicated,8,165,16,1024,SSD,2.65,Windows,193999,2,high,high,modern,high,188.68
672,Acer,Gaming,Intel,20,Dedicated,8,240,16,1024,SSD,2.65,Windows,171990,2,high,high,modern,high,188.68
673,Acer,Gaming,Intel,8,Dedicated,6,165,16,512,SSD,1.95,Windows,62990,3,mid,high,modern,mid,141.51
674,Acer,Gaming,Intel,8,Dedicated,8,165,16,512,SSD,2.1,Windows,87990,1,mid,high,modern,mid,146.86
675,Acer,Gaming,AMD,6,Dedicated,6,165,16,512,SSD,2.1,Windows,69990,3,mid,high,modern,mid,146.86
676,Acer,Gaming,Intel,14,Dedicated,8,180,16,512,SSD,2.1,Windows,99990,1,mid,high,modern,mid,141.51
677,Acer,Gaming,AMD,6,Dedicated,6,144,16,512,SSD,2.1,Windows,58990,3,mid,high,modern,mid,146.86
678,Acer,Gaming,Intel,14,Dedicated,6,165,16,512,SSD,2.1,Windows,94990,1,mid,high,modern,mid,146.86
679,Acer,Gaming,Intel,8,Dedicated,6,144,16,512,SSD,2.1,Windows,76910,3,mid,high,modern,mid,146.86
680,Acer,Gaming,Intel,10,Dedicated,6,165,16,512,SSD,1.95,Windows,78999,3,high,high,modern,mid,141.51
681,Acer,Gaming,Intel,10,Dedicated,8,165,16,512,SSD,2.1,Windows,105990,1,high,high,modern,mid,146.86
682,Acer,Gaming,Intel,10,Dedicated,6,165,16,512,SSD,2.5,Windows,105755,2,mid,high,modern,mid,141.51
683,Acer,Gaming,Intel,10,Dedicated,8,165,16,512,SSD,2.1,Windows,119990,1,high,high,modern,mid,146.86
684,Acer,Gaming,AMD,8,Dedicated,6,144,16,512,SSD,2.1,Windows,87999,3,high,high,modern,mid,146.86
685,Acer,Gaming,Intel,10,Dedicated,6,165,16,512,SSD,2.1,Windows,89989,3,high,high,modern,mid,146.86
686,Acer,Gaming,Intel,10,Dedicated,6,144,16,512,SSD,2.6,Windows,95500,3,high,high,modern,mid,146.86
687,Acer,Gaming,Intel,10,Dedicated,6,165,16,512,SSD,1.95,Windows,99999,3,high,high,modern,mid,141.51
688,Acer,Gaming,Intel,8,Dedicated,6,165,16,512,SSD,1.95,Windows,79990,3,mid,high,modern,mid,141.51
689,Acer,Gaming,AMD,8,Dedicated,6,165,16,512,SSD,2.1,Windows,78990,3,high,high,modern,mid,146.86
690,Acer,Notebook,Intel,2,Integrated,0,60,8,128,SSD,1.0,Windows,29990,1,low,low,modern,low,142.46
691,Acer,Notebook,Intel,2,Integrated,0,60,8,256,SSD,1.0,Windows,37900,1,low,low,modern,low,142.46
692,Acer,Notebook,AMD,8,Integrated,0,60,16,512,SSD,1.79,Windows,55268,3,high,low,modern,low,146.86
693,Acer,Notebook,AMD,8,Integrated,0,60,16,1024,SSD,1.79,Windows,59990,3,high,low,modern,low,146.86
694,Acer,Notebook,AMD,6,Integrated,0,60,16,512,SSD,1.79,Windows,49748,3,mid,low,modern,low,146.86
695,Acer,Notebook,Intel,2,Integrated,0,60,8,512,SSD,1.0,Windows,31000,1,low,low,modern,low,142.46
696,Acer,Notebook,Intel,4,Integrated,0,60,12,512,SSD,1.5,Windows,39500,0,low,low,modern,low,104.47
697,Acer,Notebook,AMD,6,Integrated,0,60,8,512,SSD,1.79,Windows,49327,3,mid,low,modern,low,146.86
698,Acer,Notebook,Intel,8,Dedicated,4,60,16,512,SSD,1.99,Windows,54990,3,mid,high,modern,low,146.86
699,Acer,Notebook,Intel,14,Integrated,0,60,16,512,SSD,1.5,Windows,59990,1,mid,high,latest,mid,161.73
700,Acer,Notebook,AMD,6,Integrated,0,60,16,1024,SSD,1.79,Windows,51990,3,mid,low,modern,low,146.86
701,Acer,Notebook,AMD,8,Integrated,0,60,8,512,SSD,1.79,Windows,42990,3,high,low,modern,low,146.86
702,Acer,Notebook,AMD,4,Integrated,0,60,16,512,SSD,1.79,Windows,44500,3,low,low,modern,low,146.86
703,Acer,Notebook,Intel,8,Dedicated,4,60,8,512,SSD,1.99,Windows,57990,3,mid,high,modern,low,146.86
704,Acer,Notebook,Intel,12,Integrated,0,60,16,512,SSD,1.25,Windows,53990,3,mid,high,modern,low,242.59
705,Acer,Notebook,AMD,4,Integrated,0,60,8,512,SSD,1.78,Windows,46990,3,mid,low,modern,low,146.86
706,Acer,Notebook,AMD,4,Integrated,0,60,8,512,SSD,2.0,Windows,44999,3,low,low,modern,low,146.86
707,Acer,Notebook,Intel,10,Integrated,0,60,16,512,SSD,1.75,Windows,60727,2,mid,low,modern,low,146.86
708,Acer,Notebook,Intel,10,Dedicated,4,60,16,512,SSD,1.78,Windows,62303,3,mid,low,modern,low,146.86
709,Acer,Notebook,AMD,6,Integrated,0,60,8,512,SSD,1.79,Windows,49938,3,mid,low,modern,low,146.86
710,Acer,Notebook,Intel,5,Integrated,0,60,8,512,SSD,1.75,Windows,44990,3,low,low,modern,low,146.86
711,Acer,Notebook,AMD,6,Integrated,0,60,8,512,SSD,1.0,Windows,48965,3,mid,low,modern,low,146.86
712,Acer,Notebook,Intel,10,Dedicated,6,144,16,512,SSD,1.99,Windows,79990,1,mid,high,modern,mid,146.86
713,Acer,Notebook,AMD,16,Integrated,0,60,16,512,SSD,1.59,Windows,49980,3,low,low,modern,low,146.86
714,Acer,Notebook,Intel,5,Integrated,0,60,8,512,SSD,1.7,Windows,48999,1,low,low,modern,low,146.86
715,Acer,Notebook,Intel,10,Dedicated,6,144,16,512,SSD,1.99,Windows,83990,1,mid,high,modern,mid,146.86
716,Acer,Notebook,AMD,4,Integrated,0,60,8,256,SSD,1.6,Windows,35000,3,mid,low,modern,low,111.94
717,Acer,Notebook,AMD,6,Integrated,0,60,16,1024,SSD,1.59,Windows,49990,3,mid,low,modern,low,146.86
718,Acer,Notebook,AMD,6,Integrated,0,60,16,512,SSD,1.59,Windows,47800,3,mid,low,modern,low,146.86
719,Acer,Notebook,AMD,6,Integrated,0,60,8,512,SSD,1.59,Windows,50658,3,mid,low,modern,low,146.86
720,Acer,Notebook,Intel,14,Dedicated,6,144,16,512,SSD,1.99,Windows,71990,1,mid,high,modern,mid,146.86
721,Acer,Notebook,Intel,10,Integrated,0,60,16,512,SSD,1.5,Windows,58999,1,mid,low,modern,low,146.86
722,Acer,Notebook,Intel,10,Integrated,0,60,16,512,SSD,1.7,Windows,68390,3,high,high,modern,low,146.86
723,Acer,Notebook,AMD,8,Integrated,0,60,16,1024,SSD,1.59,Windows,54990,3,high,low,modern,low,146.86
724,Acer,Notebook,AMD,8,Integrated,0,60,16,512,SSD,1.59,Windows,54990,3,high,low,modern,low,146.86
725,Acer,Notebook,Intel,5,Integrated,0,60,8,512,SSD,1.59,Windows,46990,3,low,low,modern,low,146.86
726,Acer,Notebook,Intel,10,Integrated,0,60,16,512,SSD,1.45,Windows,48990,3,mid,low,modern,low,157.35
727,Acer,Notebook,Intel,10,Integrated,0,60,16,1024,SSD,1.45,Windows,57990,3,mid,low,modern,low,157.35
728,Acer,Notebook,Intel,10,Integrated,0,60,8,512,SSD,1.45,Windows,51990,3,mid,low,modern,low,157.35
729,Acer,Notebook,Intel,10,Integrated,0,60,16,512,SSD,1.5,Windows,54990,0,mid,low,modern,low,146.86
730,Acer,Notebook,AMD,4,Integrated,0,60,16,512,SSD,1.5,Windows,50990,1,high,low,modern,low,146.86
732,Acer,Notebook,Intel,10,Integrated,0,60,16,512,SSD,1.77,Windows,55257,1,mid,low,latest,mid,146.86
733,Acer,Notebook,Intel,8,Integrated,0,60,16,512,SSD,1.7,Windows,59990,3,mid,high,modern,low,146.86
734,Acer,Notebook,Intel,8,Integrated,0,60,16,512,SSD,1.44,Windows,58990,1,mid,high,modern,low,161.73
735,Acer,Notebook,Intel,12,Integrated,0,60,16,512,SSD,1.44,Windows,52990,2,mid,high,modern,low,161.73
736,Acer,Ultrabook,Intel,12,Integrated,0,60,32,1024,SSD,1.3,Windows,75990,1,high,low,latest,mid,161.73
737,Acer,Ultrabook,Intel,10,Integrated,0,60,16,512,SSD,1.3,Windows,63000,1,mid,low,latest,mid,161.73
738,Acer,Ultrabook,Intel,10,Integrated,0,60,16,512,SSD,1.1,Windows,60990,1,mid,low,latest,mid,161.73
739,Acer,Ultrabook,Intel,12,Integrated,0,60,16,512,SSD,1.3,Windows,64500,1,high,low,latest,mid,161.73
740,Acer,Ultrabook,Intel,12,Integrated,0,60,16,512,SSD,1.3,Windows,74990,1,high,low,latest,mid,161.73
741,Acer,Ultrabook,Intel,10,Integrated,0,60,16,1024,SSD,1.3,Windows,64530,1,mid,low,latest,mid,161.73
742,Acer,Ultrabook,AMD,6,Integrated,0,60,16,512,SSD,1.25,Windows,38990,3,mid,low,modern,low,157.35
743,Acer,Ultrabook,Intel,14,Integrated,0,60,16,1024,SSD,1.25,Windows,62990,3,high,high,modern,low,242.59
744,Acer,Ultrabook,AMD,8,Integrated,0,60,16,512,SSD,1.25,Windows,49990,3,high,low,modern,low,157.35
745,Acer,Ultrabook,Intel,16,Integrated,0,60,16,1024,SSD,1.32,Windows,88000,3,high,high,latest,mid,161.73
746,Acer,Ultrabook,Intel,8,Integrated,0,60,16,512,SSD,1.28,Windows,81990,2,mid,mid,latest,mid,161.73
747,Acer,Ultrabook,AMD,6,Integrated,0,60,8,512,SSD,1.25,Windows,56990,3,high,low,modern,low,157.35
748,Acer,Ultrabook,Qualcomm,10,Integrated,0,60,16,512,SSD,1.32,Windows,65000,2,mid,mid,latest,low,161.73
749,HP,Gaming,Intel,16,Dedicated,8,144,16,1024,SSD,2.32,Windows,134890,2,high,high,modern,mid,137.68
750,HP,Gaming,Intel,16,Dedicated,8,165,24,1024,SSD,2.43,Windows,142990,1,high,high,modern,mid,141.51
751,HP,Gaming,Intel,10,Dedicated,8,165,24,1024,SSD,2.43,Windows,129990,1,mid,high,modern,mid,141.51
752,HP,Gaming,Intel,20,Dedicated,8,165,16,1024,SSD,2.32,Windows,142990,2,high,high,modern,mid,137.68
753,HP,Gaming,AMD,8,Dedicated,6,165,16,1024,SSD,2.37,Windows,123650,2,high,high,modern,mid,137.68
754,HP,Gaming,Intel,16,Dedicated,6,165,16,512,SSD,2.35,Windows,126000,3,high,high,modern,mid,137.68
755,HP,Gaming,AMD,8,Dedicated,8,165,24,1024,SSD,2.44,Windows,134990,1,high,mid,latest,mid,141.51
756,HP,Gaming,Intel,24,Dedicated,8,165,24,1024,SSD,2.43,Windows,191099,1,high,high,modern,mid,141.51
757,HP,Gaming,AMD,16,Dedicated,8,165,24,1024,SSD,2.44,Windows,154990,1,high,high,modern,mid,141.51
758,HP,Gaming,Intel,8,Dedicated,6,144,16,512,SSD,2.32,Windows,118100,3,mid,high,modern,mid,137.68
759,HP,Gaming,AMD,8,Dedicated,8,165,16,512,SSD,2.32,Windows,130990,3,high,high,modern,mid,137.68
760,HP,Gaming,Intel,10,Dedicated,6,144,16,1024,SSD,2.32,Windows,128990,3,high,high,modern,mid,137.68
761,HP,Gaming,Intel,16,Dedicated,8,165,24,1024,SSD,2.43,Windows,149990,1,high,high,latest,mid,141.51
762,HP,Gaming,Intel,10,Dedicated,8,144,16,1024,SSD,2.3,Windows,146100,3,high,high,modern,mid,137.68
763,HP,Gaming,Intel,20,Dedicated,8,165,16,1024,SSD,2.32,Windows,189599,2,high,high,modern,high,137.68
764,HP,Gaming,AMD,8,Dedicated,6,165,16,1024,SSD,2.32,Windows,107990,3,high,high,modern,mid,137.68
765,HP,Gaming,Intel,16,Dedicated,8,165,16,512,SSD,2.32,Windows,142990,3,high,high,modern,mid,137.68
766,HP,Gaming,Intel,14,Dedicated,6,165,16,512,SSD,2.32,Windows,124990,3,mid,high,modern,mid,137.68
767,HP,Gaming,Intel,16,Dedicated,8,240,16,1024,SSD,2.09,Windows,187990,3,high,high,modern,high,188.68
768,HP,Gaming,Intel,16,Dedicated,6,165,16,512,SSD,2.09,Windows,140990,3,high,high,modern,mid,141.51
769,HP,Gaming,AMD,8,Integrated,0,165,24,1024,SSD,2.44,Windows,152990,1,high,mid,latest,mid,141.51
770,HP,Gaming,AMD,8,Dedicated,8,165,16,1024,SSD,2.37,Windows,150990,2,high,high,modern,high,137.68
771,HP,Gaming,Intel,24,Dedicated,12,240,32,1024,SSD,2.75,Windows,282490,1,high,high,latest,high,188.68
772,HP,Gaming,Intel,16,Dedicated,8,165,32,1024,SSD,2.42,Windows,187490,1,high,high,latest,high,141.51
773,HP,Gaming,AMD,6,Dedicated,4,144,16,512,SSD,2.29,Windows,65990,3,high,high,modern,low,146.86
774,HP,Gaming,Intel,10,Dedicated,6,144,24,512,SSD,2.31,Windows,93990,1,mid,high,modern,mid,146.86
775,HP,Gaming,Intel,8,Dedicated,6,144,16,512,SSD,2.29,Windows,84990,2,mid,high,modern,mid,146.86
776,HP,Gaming,AMD,8,Dedicated,8,144,24,1024,SSD,2.29,Windows,108990,1,high,mid,modern,mid,146.86
777,HP,Gaming,Intel,8,Dedicated,6,144,16,512,SSD,2.29,Windows,77880,2,mid,high,modern,mid,146.86
778,HP,Gaming,AMD,6,Dedicated,6,144,16,512,SSD,2.29,Windows,82990,1,high,high,modern,mid,146.86
779,HP,Gaming,Intel,10,Dedicated,6,144,16,512,SSD,2.31,Windows,82780,1,mid,high,modern,mid,137.68
780,HP,Gaming,AMD,6,Dedicated,4,144,16,512,SSD,2.29,Windows,69990,1,high,high,modern,low,146.86
781,HP,Gaming,Intel,8,Dedicated,4,144,16,512,SSD,2.29,Windows,73700,1,mid,high,modern,mid,146.86
782,HP,Gaming,Intel,8,Dedicated,4,144,16,512,SSD,2.29,Windows,67439,1,mid,high,modern,low,146.86
783,HP,Gaming,AMD,8,Dedicated,8,144,16,1024,SSD,2.29,Windows,110000,1,high,high,modern,mid,146.86
784,HP,Gaming,AMD,8,Dedicated,6,144,16,512,SSD,2.29,Windows,81990,3,high,high,modern,mid,137.68
785,HP,Gaming,Intel,8,Dedicated,6,144,16,512,SSD,2.3,Windows,71990,2,mid,high,modern,mid,146.86
786,HP,Gaming,Intel,10,Dedicated,8,144,24,1024,SSD,2.29,Windows,130990,1,mid,high,modern,mid,146.86
787,HP,Gaming,Intel,10,Dedicated,8,144,16,1024,SSD,2.29,Windows,119990,3,high,high,modern,mid,146.86
788,HP,Gaming,Intel,10,Dedicated,8,144,24,1024,SSD,2.29,Windows,114990,1,mid,high,modern,mid,146.86
789,HP,Gaming,AMD,6,Dedicated,6,144,16,512,SSD,2.29,Windows,74800,1,mid,high,modern,mid,146.86
790,HP,Gaming,Intel,8,Dedicated,4,144,16,512,SSD,2.37,Windows,54990,2,mid,high,modern,low,146.86
791,HP,Gaming,Intel,8,Dedicated,4,144,8,512,SSD,2.37,Windows,50990,2,mid,high,modern,low,146.86
792,HP,Gaming,Intel,10,Dedicated,6,144,16,512,SSD,2.31,Windows,81990,2,mid,high,modern,mid,137.68
793,HP,Gaming,Intel,8,Dedicated,4,144,16,1024,SSD,2.37,Windows,79500,2,mid,high,modern,low,146.86
794,HP,Gaming,Intel,8,Dedicated,6,144,16,512,SSD,2.29,Windows,91990,2,mid,high,modern,mid,146.86
795,HP,Gaming,Intel,10,Dedicated,4,144,16,512,SSD,2.29,Windows,73990,2,high,high,modern,mid,146.86
796,HP,Gaming,AMD,6,Dedicated,6,144,16,512,SSD,2.29,Windows,84999,1,high,high,modern,mid,146.86
797,HP,Gaming,AMD,8,Dedicated,6,144,16,512,SSD,2.29,Windows,93900,2,high,high,modern,mid,146.86
798,HP,Gaming,Intel,8,Dedicated,4,144,16,512,SSD,2.3,Windows,89990,2,mid,high,modern,low,146.86
799,HP,Gaming,Intel,8,Dedicated,6,144,24,512,SSD,2.29,Windows,108990,2,mid,high,modern,mid,146.86
800,HP,Gaming,Intel,8,Dedicated,6,144,16,512,SSD,2.29,Windows,80800,2,mid,high,modern,mid,146.86
801,HP,Gaming,Intel,10,Dedicated,6,144,16,512,SSD,2.27,Windows,97990,3,high,high,modern,mid,146.86
802,HP,Gaming,Intel,8,Dedicated,6,144,16,512,SSD,2.29,Windows,87660,2,mid,high,modern,mid,146.86
803,HP,Gaming,Intel,8,Dedicated,4,144,16,512,SSD,2.29,Windows,71999,3,mid,high,modern,mid,146.86
804,HP,Gaming,Intel,8,Dedicated,4,144,16,1024,SSD,3.35,Windows,76990,2,mid,high,modern,mid,146.86
805,HP,Notebook,Intel,10,Integrated,0,60,16,512,SSD,1.41,Windows,70990,1,mid,low,modern,low,157.35
806,HP,Notebook,Intel,12,Integrated,0,60,16,512,SSD,1.75,Windows,76990,3,mid,mid,modern,low,146.86
807,HP,Notebook,AMD,6,Integrated,0,60,8,512,SSD,1.75,Windows,52600,2,mid,low,modern,low,146.86
808,HP,2-in-1 Convertible,Intel,10,Integrated,0,60,16,1024,SSD,1.41,Windows,84100,3,mid,low,modern,low,157.35
809,HP,Notebook,Intel,10,Integrated,0,60,16,512,SSD,1.4,Windows,68300,3,mid,low,modern,low,157.35
810,HP,Notebook,AMD,8,Integrated,0,60,16,1024,SSD,1.75,Windows,64690,3,high,low,modern,low,146.86
811,HP,Notebook,Intel,10,Integrated,0,60,16,1024,SSD,1.41,Windows,95990,3,high,low,modern,low,157.35
812,HP,2-in-1 Convertible,Intel,10,Integrated,0,60,16,512,SSD,1.41,Windows,73000,3,mid,low,modern,low,157.35
813,HP,2-in-1 Convertible,Intel,10,Integrated,0,60,16,1024,SSD,1.51,Windows,87990,2,mid,low,modern,low,157.35
814,HP,Notebook,AMD,6,Integrated,0,60,8,512,SSD,1.75,Windows,58870,2,mid,low,modern,low,146.86
815,HP,Notebook,Intel,10,Integrated,0,60,8,512,SSD,1.41,Windows,59650,3,mid,low,modern,low,157.35
816,HP,Notebook,AMD,6,Integrated,0,60,8,512,SSD,1.75,Windows,65890,3,mid,low,modern,low,146.86
817,HP,Notebook,Intel,12,Integrated,0,60,16,1024,SSD,1.77,Windows,80990,1,mid,low,latest,mid,146.86
818,HP,Notebook,Intel,12,Integrated,0,60,16,512,SSD,1.77,Windows,73100,1,mid,low,latest,mid,146.86
819,HP,Notebook,AMD,8,Integrated,0,60,16,512,SSD,1.75,Windows,77999,2,high,low,modern,low,146.86
820,HP,Notebook,Intel,12,Integrated,0,60,16,512,SSD,2.52,Windows,89990,2,high,low,latest,mid,141.51
821,HP,Notebook,Intel,12,Integrated,0,60,16,512,SSD,1.74,Windows,64990,3,mid,mid,modern,low,146.86
822,HP,Notebook,Intel,10,Integrated,0,60,16,1024,SSD,1.75,Windows,86100,3,mid,low,modern,low,146.86
823,HP,Notebook,Intel,10,Integrated,0,120,16,1024,SSD,1.44,Windows,94990,2,high,low,modern,low,242.59
824,HP,Notebook,Intel,10,Integrated,0,60,16,1024,SSD,1.74,Windows,74599,2,mid,low,modern,low,146.86
825,HP,Notebook,Intel,6,Integrated,0,60,8,512,SSD,1.75,Windows,53395,3,low,low,modern,low,146.86
826,HP,2-in-1 Convertible,Intel,10,Integrated,0,60,16,512,SSD,1.51,Windows,89990,2,mid,low,modern,low,157.35
827,HP,Notebook,Intel,10,Integrated,0,60,16,512,SSD,1.51,Windows,97990,2,high,low,modern,low,157.35
828,HP,Notebook,Intel,10,Integrated,0,60,16,512,SSD,1.44,Windows,75600,2,mid,low,modern,low,161.73
829,HP,Notebook,Intel,10,Integrated,0,60,16,512,SSD,1.44,Windows,79990,3,mid,low,modern,low,161.73
830,HP,Ultrabook,Intel,12,Integrated,0,60,16,512,SSD,1.44,Windows,93990,2,mid,low,latest,mid,161.73
831,HP,Ultrabook,Intel,10,Integrated,0,60,16,512,SSD,2.14,Windows,82300,3,mid,low,modern,low,146.86
832,HP,2-in-1 Convertible,Intel,10,Integrated,0,60,16,512,SSD,2.14,Windows,94990,3,mid,low,modern,low,146.86
833,HP,2-in-1 Convertible,AMD,6,Integrated,0,60,16,512,SSD,2.14,Windows,84990,3,mid,low,modern,low,146.86
834,HP,2-in-1 Convertible,AMD,8,Integrated,0,60,16,512,SSD,2.14,Windows,85990,3,high,low,modern,low,146.86
835,HP,2-in-1 Convertible,Intel,10,Dedicated,4,60,16,512,SSD,1.7,Windows,71000,3,mid,low,modern,low,146.86
836,HP,2-in-1 Convertible,Intel,10,Dedicated,4,60,16,1024,SSD,2.14,Windows,130900,3,high,low,modern,mid,146.86
837,HP,2-in-1 Convertible,AMD,8,Integrated,0,60,16,512,SSD,1.44,Windows,105100,2,high,high,modern,mid,161.73
838,HP,Ultrabook,Intel,16,Integrated,0,120,32,1024,SSD,1.34,Windows,154999,2,high,high,latest,mid,237.76
839,HP,Ultrabook,Intel,10,Integrated,0,60,32,1024,SSD,1.34,Windows,136990,3,high,low,modern,low,277.35
840,HP,2-in-1 Convertible,Intel,16,Integrated,0,120,32,1024,SSD,2.01,Windows,194990,2,high,high,latest,mid,188.68
841,HP,2-in-1 Convertible,Intel,10,Integrated,0,60,16,1024,SSD,1.34,Windows,132990,3,high,low,modern,low,277.35
842,HP,2-in-1 Convertible,Intel,12,Integrated,0,60,32,1024,SSD,2.01,Windows,184990,3,high,mid,modern,mid,283.02
843,HP,Notebook,Intel,10,Integrated,0,60,16,512,SSD,1.79,Windows,62990,2,mid,low,modern,low,141.51
844,HP,Notebook,AMD,6,Integrated,0,60,16,512,SSD,1.7,Windows,60990,1,mid,mid,latest,mid,150.94
845,HP,Notebook,Intel,10,Integrated,0,60,16,512,SSD,1.79,Windows,64990,2,mid,low,modern,low,141.51
846,HP,Notebook,Qualcomm,8,Integrated,0,60,16,1024,SSD,1.59,Windows,78700,1,low,mid,latest,low,141.51
847,HP,Ultrabook,Intel,8,Integrated,0,120,16,512,SSD,1.38,Windows,106990,1,mid,mid,latest,mid,242.59
848,HP,Ultrabook,Qualcomm,12,Integrated,0,60,16,1024,SSD,1.34,Windows,128990,1,high,high,latest,low,188.68
849,HP,2-in-1 Convertible,Intel,8,Integrated,0,120,32,1024,SSD,1.38,Windows,143990,1,high,mid,latest,mid,242.59
850,HP,Ultrabook,Qualcomm,8,Integrated,0,60,16,512,SSD,1.34,Windows,96999,2,mid,mid,latest,low,188.68
851,HP,Ultrabook,Intel,14,Integrated,0,120,16,1024,SSD,1.5,Windows,97990,1,mid,high,latest,mid,242.59
852,HP,2-in-1 Convertible,Intel,8,Integrated,0,120,16,1024,SSD,1.38,Windows,124990,1,high,mid,latest,mid,242.59
853,HP,2-in-1 Convertible,Intel,8,Integrated,0,120,16,1024,SSD,1.38,Windows,102990,1,mid,mid,latest,mid,242.59
854,HP,2-in-1 Convertible,Intel,8,Integrated,0,120,32,1024,SSD,1.38,Windows,189990,1,high,mid,latest,mid,242.59
855,HP,2-in-1 Convertible,Intel,8,Integrated,0,120,16,1024,SSD,1.38,Windows,171890,1,high,mid,latest,mid,242.59
856,HP,2-in-1 Convertible,Intel,8,Integrated,0,120,32,1024,SSD,1.34,Windows,234990,1,high,mid,latest,mid,242.59
857,HP,Ultrabook,AMD,12,Integrated,0,60,32,1024,SSD,1.57,Windows,139990,1,high,high,latest,mid,188.68
858,HP,Business,AMD,6,Integrated,0,60,16,512,SSD,1.7,Windows,61100,2,mid,low,modern,low,161.73
859,HP,Business,Intel,16,Integrated,0,60,16,1024,SSD,1.2,Windows,124500,2,high,high,latest,mid,161.73
860,HP,Business,Intel,12,Integrated,0,60,32,1024,SSD,1.2,Windows,137900,2,high,low,latest,mid,161.73
861,HP,Business,AMD,6,Integrated,0,60,16,512,SSD,1.4,Windows,62990,3,mid,low,modern,mid,161.73
862,HP,Business,AMD,8,Integrated,0,60,16,512,SSD,1.4,Windows,68300,3,high,low,modern,mid,161.73
863,HP,Business,Intel,10,Integrated,0,60,16,512,SSD,1.37,Windows,99990,3,mid,low,modern,low,157.35
864,HP,Business,Intel,10,Integrated,0,60,16,1024,SSD,1.37,Windows,85530,3,mid,low,modern,low,157.35
865,HP,Business,Intel,12,Integrated,0,60,16,1204,SSD,1.7,Windows,159990,2,high,low,latest,mid,141.51
866,HP,Notebook,Intel,16,Integrated,0,60,16,1024,SSD,1.4,Windows,75990,2,high,high,latest,mid,157.35
867,HP,Notebook,Intel,16,Integrated,0,60,24,1024,SSD,1.4,Windows,86990,2,high,high,latest,mid,157.35
868,HP,Notebook,Intel,6,Integrated,0,60,16,512,SSD,1.4,Windows,48990,1,low,low,modern,low,111.94
869,HP,Notebook,Intel,6,Integrated,0,60,8,512,SSD,1.65,Windows,52700,1,low,low,modern,low,146.86
870,HP,Notebook,Intel,6,Integrated,0,60,16,512,SSD,1.59,Windows,54990,0,low,low,modern,low,146.86
871,HP,Notebook,Intel,10,Integrated,0,60,16,512,SSD,1.38,Windows,65889,2,mid,low,modern,low,157.35
872,Other,Gaming,Intel,10,Dedicated,6,120,16,1024,SSD,2.57,Windows,123490,1,mid,high,modern,mid,188.68
873,Other,Gaming,Intel,10,Dedicated,6,120,16,1024,SSD,2.57,Windows,107230,1,mid,high,modern,mid,188.68
874,Other,Gaming,Intel,10,Dedicated,6,165,16,1024,SSD,2.08,Windows,151990,3,high,high,modern,mid,215.63
875,Other,Gaming,Intel,16,Dedicated,6,240,16,1024,SSD,2.61,Windows,147490,2,high,high,latest,mid,188.68
876,Other,Gaming,Intel,16,Dedicated,8,240,16,1024,SSD,2.61,Windows,158990,2,high,high,latest,mid,188.68
877,Other,Gaming,Intel,24,Dedicated,12,165,32,1024,SSD,4.23,Windows,330990,2,high,high,modern,high,167.72
878,Other,Gaming,Intel,16,Dedicated,8,240,32,1024,SSD,2.61,Windows,189990,2,high,high,latest,high,188.68
879,Other,Gaming,Intel,16,Dedicated,16,240,32,1024,SSD,2.61,Windows,435990,2,high,high,latest,high,188.68
880,Other,Gaming,Intel,24,Dedicated,8,240,32,1024,SSD,2.66,Windows,254000,1,high,high,latest,high,188.68
881,Other,Gaming,Intel,24,Dedicated,16,300,32,2048,SSD,4.3,Windows,423990,1,high,high,latest,high,167.72
882,Other,Gaming,Intel,24,Dedicated,12,240,32,1024,SSD,3.4,Windows,349990,1,high,high,latest,high,188.68
883,Other,Gaming,Intel,10,Dedicated,8,120,16,1024,SSD,2.57,Windows,174999,1,mid,high,modern,mid,188.68
884,Other,Gaming,Intel,14,Dedicated,6,165,16,1024,SSD,2.65,Windows,122990,3,high,high,modern,mid,146.86
885,Other,Gaming,Intel,10,Dedicated,6,120,16,512,SSD,2.65,Windows,81299,3,mid,high,modern,mid,146.86
886,Other,Gaming,Intel,10,Dedicated,6,120,8,512,SSD,2.65,Windows,75100,3,mid,high,modern,mid,146.86
887,Other,Gaming,Intel,16,Dedicated,6,120,16,1024,SSD,2.65,Windows,119990,3,high,high,modern,mid,146.86
888,Other,Gaming,Intel,16,Dedicated,6,120,16,512,SSD,2.81,Windows,107870,3,high,high,modern,mid,146.86
889,Other,Gaming,Intel,10,Dedicated,6,120,8,512,SSD,2.65,Windows,84990,3,mid,high,modern,mid,146.86
890,Other,Business,Intel,5,Integrated,0,60,8,512,SSD,1.66,Windows,48990,2,low,low,modern,low,146.86
891,Other,Business,Intel,10,Integrated,0,60,8,512,SSD,1.66,Windows,59999,2,mid,low,modern,low,146.86
892,Other,Business,Intel,6,Integrated,0,120,8,512,SSD,1.5,Windows,46990,0,low,low,modern,low,146.86
893,Other,Business,AMD,4,Integrated,0,120,8,512,SSD,1.5,Windows,47490,0,mid,low,modern,low,146.86
894,Other,Business,Intel,6,Integrated,0,120,16,512,SSD,1.5,Windows,59990,0,low,low,modern,low,146.86
895,Other,Business,AMD,4,Integrated,0,120,8,512,SSD,1.5,Windows,46990,1,mid,low,modern,low,146.86
896,Other,Business,Intel,10,Integrated,0,60,16,512,SSD,1.5,Windows,78500,1,mid,low,modern,low,157.35
897,Other,Business,Intel,6,Integrated,0,60,16,512,SSD,1.6,Windows,48990,2,mid,low,modern,low,146.86
898,Other,Business,Intel,6,Integrated,0,60,8,512,SSD,1.25,Windows,49099,2,low,low,modern,low,157.35
899,Other,Business,Intel,6,Integrated,0,60,8,512,SSD,1.6,Windows,46990,0,low,low,modern,low,104.47
900,Other,Business,Intel,6,Integrated,0,60,8,512,SSD,1.6,Windows,51990,1,low,low,modern,low,104.47
901,Other,Ultrabook,Intel,16,Dedicated,8,120,32,1024,SSD,2.13,Windows,313990,2,high,high,latest,mid,283.02
902,Other,Ultrabook,Intel,16,Integrated,0,120,16,1024,SSD,1.68,Windows,183990,2,high,high,latest,mid,269.54
903,Other,Ultrabook,Qualcomm,12,Integrated,0,60,32,1024,SSD,1.17,Windows,179990,2,high,high,latest,low,256.05
904,Other,Ultrabook,Intel,8,Integrated,0,120,16,512,SSD,1.22,Windows,163990,1,high,mid,latest,mid,174.17
905,Other,Ultrabook,Qualcomm,12,Integrated,0,60,16,512,SSD,1.17,Windows,159990,2,high,high,latest,low,256.05
906,Other,Notebook,Intel,10,Integrated,0,60,16,512,SSD,1.62,Windows,69990,3,high,low,modern,low,146.86
907,Other,Notebook,Intel,14,Integrated,0,60,16,512,SSD,1.9,Windows,79990,2,mid,high,latest,mid,141.51
908,Other,Notebook,Intel,14,Integrated,0,60,16,512,SSD,1.24,Windows,94980,2,mid,high,latest,mid,232.22
909,Other,Notebook,Intel,10,Integrated,0,60,8,512,SSD,1.69,Windows,59990,3,mid,low,modern,low,161.73
910,Other,Notebook,Intel,10,Integrated,0,60,16,512,SSD,1.54,Windows,75999,2,mid,low,modern,low,161.73
911,Other,Notebook,Intel,6,Integrated,0,120,8,512,SSD,1.5,Windows,47620,1,low,low,modern,low,146.86
912,Other,Notebook,AMD,6,Integrated,0,60,16,512,SSD,1.61,Windows,57990,2,mid,low,modern,low,161.73
913,Other,Notebook,Intel,10,Integrated,0,120,16,1024,SSD,1.69,Windows,77999,3,mid,low,modern,low,157.35
914,Other,Notebook,Intel,10,Integrated,0,120,16,512,SSD,1.69,Windows,70999,3,mid,low,modern,low,157.35
915,Other,Notebook,Intel,10,Integrated,0,60,16,1024,SSD,1.54,Windows,85499,2,mid,low,modern,low,157.35
916,Other,Notebook,Intel,10,Integrated,0,60,8,512,SSD,1.54,Windows,64999,2,mid,low,modern,low,161.73
917,Other,Notebook,Intel,10,Integrated,0,60,16,512,SSD,1.6,Windows,84990,3,high,high,modern,low,161.73
918,Other,Notebook,Intel,10,Integrated,0,60,8,512,SSD,1.6,Windows,55000,3,mid,low,modern,low,146.86
919,Other,Notebook,Intel,10,Integrated,0,60,16,152,SSD,1.87,Windows,90545,2,mid,low,modern,low,141.51
920,Other,Notebook,Intel,10,Integrated,0,60,16,512,SSD,1.85,Windows,75990,3,mid,low,modern,low,141.51
921,Other,Notebook,Intel,10,Integrated,0,60,16,512,SSD,1.54,Windows,69990,2,mid,low,modern,low,157.35
922,Other,2-in-1 Convertible,Intel,10,Integrated,0,60,8,512,SSD,1.58,Windows,89890,3,high,low,modern,low,157.35
923,Other,Notebook,Intel,16,Integrated,0,60,16,1024,SSD,1.24,Windows,89999,2,high,high,latest,mid,242.59
924,Other,Notebook,Intel,16,Integrated,0,60,16,1024,SSD,1.24,Windows,99999,2,high,high,latest,mid,232.22
925,Other,Notebook,Intel,10,Dedicated,6,120,8,512,SSD,2.65,Windows,75100,3,mid,high,modern,mid,146.86
926,Other,Notebook,Intel,10,Dedicated,6,120,15,512,SSD,2.65,Windows,81230,3,mid,high,modern,mid,146.86
927,Other,2-in-1 Convertible,Intel,10,Integrated,0,60,16,512,SSD,1.58,Windows,107990,3,high,low,modern,low,157.35
928,Other,Notebook,Intel,6,Integrated,0,60,8,512,SSD,1.5,Windows,45980,0,low,low,modern,low,161.73
929,Other,Notebook,Intel,5,Integrated,0,60,16,512,SSD,1.5,Windows,56000,1,low,low,modern,low,161.73
930,Other,Notebook,Intel,10,Integrated,0,120,16,1024,SSD,1.62,Windows,79990,3,mid,low,modern,low,146.86
931,Other,Notebook,Intel,5,Integrated,0,60,8,512,SSD,1.5,Windows,45990,1,low,low,modern,low,161.73
932,Other,Notebook,Intel,8,Integrated,0,60,16,512,SSD,1.6,Windows,68990,2,mid,high,modern,low,161.73
933,Other,Notebook,Qualcomm,10,Integrated,0,60,16,512,SSD,1.4,Windows,98990,2,mid,mid,latest,low,215.63
934,Other,2-in-1 Convertible,Intel,10,Integrated,0,60,8,512,SSD,1.65,Windows,72990,3,mid,low,modern,low,157.35
935,Other,Notebook,Qualcomm,10,Integrated,0,60,16,1024,SSD,1.4,Windows,109990,2,mid,mid,latest,low,215.63
936,Other,2-in-1 Convertible,Intel,10,Integrated,0,60,16,1024,SSD,1.71,Windows,107990,2,mid,low,modern,low,161.73
